#{"t_start": 1789703896.2012312, "env_id": "None"}
r,l,t,is_success,terminal_reason,stage
13.227948,11,1.012619,True,success,2
11.827399,48,1.030624,True,success,2
11.291798,8,1.034234,True,success,2
12.253418,6,1.037407,True,success,2
11.741097,70,1.061927,True,success,2
12.900546,7,1.065209,True,success,2
13.743766,9,1.069997,True,success,2
13.675808,19,1.077409,True,success,2
12.127866,6,1.08039,True,success,2
12.40925,20,1.08864,True,success,2
12.087852,5,1.091295,True,success,2
-2.461859,41,1.105661,False,stalled,2
13.661875,9,1.198573,True,success,2
13.377363,9,1.202735,True,success,2
13.168607,13,1.208146,True,success,2
11.238005,52,1.227479,True,success,2
13.68451,14,1.233253,True,success,2
-3.62557,35,1.245821,False,stalled,2
12.622598,10,1.250883,True,success,2
12.778236,21,1.258819,True,success,2
14.255014,8,1.262699,True,success,2
12.757998,20,1.270337,True,success,2
11.90386,11,1.27491,True,success,2
10.080769,40,1.289597,True,success,2
-3.079108,64,1.368968,False,stalled,2
13.151488,53,1.388715,True,success,2
-2.10976,60,1.411476,False,stalled,2
11.530716,12,1.417185,True,success,2
11.954234,6,1.420329,True,success,2
11.637374,7,1.423612,True,success,2
12.64164,40,1.438623,True,success,2
13.835215,9,1.443098,True,success,2
14.399852,9,1.447662,True,success,2
13.553514,16,1.454059,True,success,2
13.204017,6,1.516068,True,success,2
11.318453,26,1.526385,True,success,2
11.74,3,1.528328,True,success,2
12.675567,9,1.532518,True,success,2
12.7792,11,1.537364,True,success,2
12.237834,23,1.546451,True,success,2
13.355091,12,1.551605,True,success,2
13.378837,7,1.555132,True,success,2
12.187427,6,1.558064,True,success,2
-2.328852,38,1.572309,False,stalled,2
14.162638,9,1.576592,True,success,2
12.187427,6,1.580153,True,success,2
11.972827,53,1.600152,True,success,2
13.846189,9,1.604335,True,success,2
11.782435,22,1.613486,True,success,2
13.443145,10,1.617984,True,success,2
12.086834,8,1.679378,True,success,2
-1.104278,56,1.700916,False,stalled,2
13.82146,12,1.706189,True,success,2
-1.919751,37,1.720768,False,stalled,2
11.755843,6,1.723784,True,success,2
12.156929,18,1.731214,True,success,2
-3.202573,46,1.748717,False,stalled,2
11.60967,6,1.752026,True,success,2
11.74,3,1.75416,True,success,2
12.278963,8,1.757756,True,success,2
-3.161443,36,1.772495,False,stalled,2
12.935577,8,1.776728,True,success,2
13.182695,20,1.842314,True,success,2
12.213418,8,1.846264,True,success,2
13.370185,10,1.850624,True,success,2
13.458008,31,1.863504,True,success,2
12.442103,23,1.873247,True,success,2
11.857156,5,1.875843,True,success,2
11.837096,10,1.880317,True,success,2
11.389623,12,1.885654,True,success,2
12.787736,6,1.88863,True,success,2
11.825013,18,1.895821,True,success,2
12.777056,6,1.89905,True,success,2
13.82505,10,1.903546,True,success,2
11.933558,22,1.91197,True,success,2
14.210295,9,1.916681,True,success,2
13.124909,7,1.919952,True,success,2
11.742351,6,1.923102,True,success,2
-3.615788,40,1.938395,False,stalled,2
13.259818,16,1.945297,True,success,2
13.180351,39,2.017396,True,success,2
13.777606,11,2.022831,True,success,2
13.624509,10,2.027335,True,success,2
12.046201,5,2.029948,True,success,2
13.776666,16,2.036647,True,success,2
11.89916,4,2.03919,True,success,2
13.642978,18,2.046357,True,success,2
12.457908,20,2.054416,True,success,2
12.143562,6,2.057375,True,success,2
12.37,14,2.063135,True,success,2
13.414056,9,2.067785,True,success,2
12.862294,37,2.083019,True,success,2
11.743438,5,2.085604,True,success,2
11.98854,33,2.098061,True,success,2
13.837437,8,2.102085,True,success,2
13.537531,17,2.109189,True,success,2
13.744078,10,2.113953,True,success,2
13.065317,9,2.118427,True,success,2
11.785713,11,2.18292,True,success,2
12.895943,10,2.187695,True,success,2
13.804597,7,2.191385,True,success,2
-6.094283,69,2.216658,False,stalled,2
12.073125,12,2.22242,True,success,2
13.624379,8,2.2262,True,success,2
-4.426755,31,2.237952,False,stalled,2
12.949619,7,2.241591,True,success,2
-3.783775,34,2.254547,False,stalled,2
12.741566,16,2.261487,True,success,2
-3.60841,50,2.280568,False,stalled,2
13.729017,13,2.378603,True,success,2
12.064106,8,2.382375,True,success,2
13.842794,11,2.387963,True,success,2
13.452877,31,2.400622,True,success,2
13.970406,10,2.405117,True,success,2
12.823715,17,2.412013,True,success,2
12.721106,23,2.422231,True,success,2
11.927915,5,2.424856,True,success,2
-0.822699,36,2.439634,False,stalled,2
-3.218685,35,2.454043,False,stalled,2
13.201466,7,2.458157,True,success,2
12.773612,23,2.467917,True,success,2
12.36991,21,2.476555,True,success,2
12.321079,7,2.480927,True,success,2
13.566669,8,2.48476,True,success,2
14.166797,9,2.547426,True,success,2
11.673273,44,2.563694,True,success,2
10.827139,30,2.575552,True,success,2
12.989565,6,2.578505,True,success,2
12.857287,12,2.58383,True,success,2
12.777056,6,2.58683,True,success,2
-2.938683,40,2.602242,False,stalled,2
11.524756,11,2.607062,True,success,2
11.407818,3,2.609358,True,success,2
13.452771,7,2.612849,True,success,2
13.450166,18,2.6202,True,success,2
12.425706,19,2.628135,True,success,2
12.145853,48,2.648183,True,success,2
13.292623,13,2.712149,True,success,2
11.753226,6,2.715193,True,success,2
-2.549396,39,2.730123,False,stalled,2
14.262394,9,2.734843,True,success,2
12.719105,6,2.737814,True,success,2
13.53241,13,2.743621,True,success,2
13.844922,9,2.747789,True,success,2
13.776717,12,2.753483,True,success,2
11.683226,7,2.756918,True,success,2
13.837437,8,2.760615,True,success,2
13.045632,45,2.778835,True,success,2
12.935577,8,2.783306,True,success,2
13.635401,9,2.78725,True,success,2
-3.061002,35,2.801138,False,stalled,2
13.942942,13,2.807253,True,success,2
11.407818,3,2.80973,True,success,2
-0.595744,46,2.888433,False,stalled,2
13.912213,16,2.895519,True,success,2
13.724375,12,2.90151,True,success,2
12.936681,29,2.9151,True,success,2
-2.688975,69,2.942265,False,stalled,2
12.895525,7,2.945711,True,success,2
12.642876,8,2.94975,True,success,2
11.74,3,2.951679,True,success,2
11.388528,3,2.953588,True,success,2
13.898754,11,2.958642,True,success,2
12.770166,28,2.972262,True,success,2
12.168383,4,2.974629,True,success,2
11.234093,6,2.977973,True,success,2
11.386993,21,2.986154,True,success,2
13.500818,21,3.052766,True,success,2
12.755567,5,3.055647,True,success,2
11.878205,6,3.058585,True,success,2
13.411201,7,3.06213,True,success,2
12.787736,6,3.065051,True,success,2
14.126797,11,3.07087,True,success,2
-5.0,30,3.082091,False,stalled,2
11.407818,3,3.084586,True,success,2
-1.046541,39,3.099378,False,stalled,2
11.703438,7,3.103046,True,success,2
-2.691592,80,3.134644,False,stalled,2
10.998962,31,3.147767,True,success,2
13.175158,20,3.155625,True,success,2
13.262373,7,3.15929,True,success,2
13.504344,33,3.231358,True,success,2
13.091099,7,3.235773,True,success,2
13.809017,14,3.242114,True,success,2
12.053418,16,3.248935,True,success,2
11.760444,11,3.253733,True,success,2
-3.789553,55,3.2756,False,stalled,2
12.514172,38,3.291081,True,success,2
12.107287,7,3.294461,True,success,2
13.138728,15,3.301818,True,success,2
12.665706,7,3.305661,True,success,2
11.360698,4,3.307924,True,success,2
11.889046,13,3.314148,True,success,2
13.914917,16,3.320942,True,success,2
12.046201,5,3.323779,True,success,2
11.34,3,3.325765,True,success,2
-2.471091,43,3.402503,False,stalled,2
11.948618,11,3.40888,True,success,2
14.262096,8,3.41249,True,success,2
-4.131167,35,3.428344,False,stalled,2
-4.015074,33,3.440304,False,stalled,2
13.469658,9,3.444526,True,success,2
12.361079,5,3.447352,True,success,2
12.608687,24,3.457788,True,success,2
12.995171,15,3.46446,True,success,2
12.864445,8,3.468065,True,success,2
11.795719,22,3.477437,True,success,2
13.299286,21,3.485811,True,success,2
14.008966,9,3.489821,True,success,2
12.199211,29,3.570063,True,success,2
11.662351,10,3.575119,True,success,2
11.565514,14,3.580991,True,success,2
11.626802,17,3.588641,True,success,2
-1.596747,37,3.603365,False,stalled,2
-1.582616,46,3.620972,False,stalled,2
-2.967653,37,3.635894,False,stalled,2
12.931161,14,3.641629,True,success,2
11.809286,41,3.658554,True,success,2
12.737056,8,3.662767,True,success,2
11.41571,17,3.669617,True,success,2
12.958589,37,3.749764,True,success,2
12.516217,20,3.759013,True,success,2
14.207791,11,3.764616,True,success,2
13.005204,13,3.771065,True,success,2
13.599423,9,3.775999,True,success,2
11.407818,3,3.778493,True,success,2
12.482876,16,3.785743,True,success,2
-5.023418,30,3.797567,False,stalled,2
12.53456,44,3.815507,True,success,2
12.867069,8,3.819532,True,success,2
13.530282,10,3.824031,True,success,2
-1.855765,39,3.838512,False,stalled,2
13.570282,8,3.842289,True,success,2
11.628464,10,3.847765,True,success,2
14.093324,14,3.910224,True,success,2
13.623369,12,3.915637,True,success,2
13.504287,22,3.924571,True,success,2
13.438056,11,3.929756,True,success,2
-5.961833,60,3.952782,False,stalled,2
13.83493,8,3.957098,True,success,2
12.486602,14,3.963992,True,success,2
14.128195,8,3.968629,True,success,2
13.87008,13,3.974681,True,success,2
13.472445,18,3.982706,True,success,2
11.388528,3,3.984765,True,success,2
11.35351,53,4.004844,True,success,2
12.324213,35,4.078344,True,success,2
12.715567,7,4.081962,True,success,2
12.989565,6,4.084955,True,success,2
13.378837,7,4.089201,True,success,2
11.450221,19,4.097003,True,success,2
13.100894,7,4.100266,True,success,2
12.642349,10,4.105355,True,success,2
12.728427,5,4.108196,True,success,2
-3.348378,54,4.128058,False,stalled,2
13.902879,20,4.137371,True,success,2
11.549623,4,4.139735,True,success,2
12.728427,5,4.142298,True,success,2
12.518287,14,4.148991,True,success,2
12.929045,7,4.153009,True,success,2
13.377606,31,4.165877,True,success,2
12.046201,5,4.168463,True,success,2
13.686556,16,4.175285,True,success,2
-2.09246,58,4.261087,False,stalled,2
13.145244,8,4.265145,True,success,2
11.434113,8,4.269065,True,success,2
13.204017,6,4.272791,True,success,2
12.638055,10,4.277848,True,success,2
13.88173,12,4.284569,True,success,2
14.178528,11,4.290202,True,success,2
12.096374,8,4.294239,True,success,2
11.959608,4,4.296882,True,success,2
13.530282,10,4.302653,True,success,2
11.719681,5,4.30562,True,success,2
-1.277624,57,4.327637,False,stalled,2
13.903725,22,4.336849,True,success,2
13.620626,11,4.341955,True,success,2
-2.038502,41,4.358989,False,stalled,2
12.874975,11,4.36511,True,success,2
12.627,8,4.368981,True,success,2
13.449289,9,4.433243,True,success,2
12.136374,6,4.436482,True,success,2
13.509658,7,4.441196,True,success,2
14.058918,19,4.448803,True,success,2
12.90894,14,4.454765,True,success,2
12.393033,11,4.459936,True,success,2
-1.102117,38,4.474544,False,stalled,2
13.631079,15,4.480872,True,success,2
13.636095,14,4.48752,True,success,2
12.652465,21,4.495933,True,success,2
12.975544,24,4.506268,True,success,2
12.183562,4,4.508532,True,success,2
12.941293,10,4.513793,True,success,2
11.416921,5,4.516814,True,success,2
12.093622,42,4.533713,True,success,2
13.64173,24,4.603483,True,success,2
11.770716,9,4.607473,True,success,2
11.400025,27,4.618828,True,success,2
-3.488167,35,4.632193,False,stalled,2
-3.913843,34,4.646213,False,stalled,2
-2.36354,100,4.684303,False,max_steps,2
11.74,3,4.686786,True,success,2
13.168404,16,4.693836,True,success,2
12.881099,10,4.698284,True,success,2
14.015339,10,4.702835,True,success,2
13.430313,17,4.769763,True,success,2
12.308149,13,4.775405,True,success,2
-4.38161,55,4.798411,False,stalled,2
11.959608,4,4.801669,True,success,2
-3.100917,49,4.822137,False,stalled,2
12.808104,8,4.826387,True,success,2
-4.405382,47,4.844189,False,stalled,2
12.877913,14,4.850846,True,success,2
11.367818,5,4.853662,True,success,2
11.837746,4,4.855898,True,success,2
-2.732693,34,4.869229,False,stalled,2
-3.890166,42,4.945315,False,stalled,2
13.04705,14,4.952084,True,success,2
13.348873,30,4.964471,True,success,2
-2.302431,55,4.987138,False,stalled,2
13.302439,11,4.992453,True,success,2
11.757746,8,4.996656,True,success,2
-5.1,30,5.0078,False,stalled,2
-2.212474,46,5.027258,False,stalled,2
-3.159563,56,5.115467,False,stalled,2
12.126046,10,5.122075,True,success,2
13.578641,18,5.129769,True,success,2
12.790129,18,5.137428,True,success,2
12.02386,5,5.140053,True,success,2
12.865828,7,5.143499,True,success,2
12.37545,22,5.152303,True,success,2
13.947161,12,5.157379,True,success,2
13.770059,36,5.171963,True,success,2
13.939017,10,5.176293,True,success,2
11.407818,3,5.178519,True,success,2
11.795843,4,5.18088,True,success,2
11.717674,22,5.189407,True,success,2
12.1331,38,5.203686,True,success,2
11.84332,19,5.21175,True,success,2
12.648427,9,5.274965,True,success,2
10.806743,27,5.285981,True,success,2
11.487919,13,5.291805,True,success,2
13.824932,12,5.297387,True,success,2
12.093418,14,5.304208,True,success,2
12.469263,24,5.313953,True,success,2
13.029882,14,5.320589,True,success,2
13.661875,9,5.324851,True,success,2
12.894045,17,5.332555,True,success,2
13.484981,9,5.336942,True,success,2
13.377363,9,5.341086,True,success,2
11.932726,5,5.3445,True,success,2
-2.629053,69,5.369285,False,stalled,2
12.989565,6,5.372683,True,success,2
11.626148,18,5.3809,True,success,2
12.580206,15,5.447361,True,success,2
12.286663,40,5.462249,True,success,2
12.107427,10,5.466969,True,success,2
13.418785,22,5.475429,True,success,2
13.145244,8,5.479351,True,success,2
11.783134,29,5.493245,True,success,2
11.514113,4,5.495986,True,success,2
11.89916,4,5.499089,True,success,2
11.492256,4,5.501378,True,success,2
13.989628,17,5.508518,True,success,2
12.050701,7,5.512387,True,success,2
12.133126,5,5.515019,True,success,2
13.251321,25,5.524615,True,success,2
11.388528,3,5.526821,True,success,2
12.165057,10,5.531076,True,success,2
-1.359671,42,5.547725,False,stalled,2
13.85807,12,5.553572,True,success,2
11.716408,32,5.62551,True,success,2
11.542786,18,5.633415,True,success,2
13.091099,7,5.637372,True,success,2
12.586645,5,5.640299,True,success,2
13.984344,9,5.644675,True,success,2
12.462598,18,5.652959,True,success,2
11.132191,12,5.658434,True,success,2
-1.403019,43,5.675811,False,stalled,2
13.672445,8,5.680275,True,success,2
12.143562,6,5.683192,True,success,2
11.959608,4,5.685606,True,success,2
12.855577,12,5.69075,True,success,2
12.719105,6,5.694232,True,success,2
13.509658,7,5.697487,True,success,2
13.605886,11,5.702595,True,success,2
12.801089,11,5.708353,True,success,2
-4.902489,30,5.719871,False,stalled,2
12.715567,7,5.724379,True,success,2
12.608883,12,5.72992,True,success,2
-4.425522,98,5.829522,False,stalled,2
12.666023,6,5.832863,True,success,2
12.596023,7,5.836143,True,success,2
11.74,3,5.838259,True,success,2
11.890966,8,5.842267,True,success,2
13.742445,7,5.846769,True,success,2
13.006971,14,5.853014,True,success,2
12.225608,7,5.856476,True,success,2
12.655528,9,5.861002,True,success,2
13.661213,10,5.865558,True,success,2
-2.931198,45,5.882921,False,stalled,2
13.904326,20,5.891702,True,success,2
12.183562,4,5.89449,True,success,2
12.755567,5,5.89724,True,success,2
13.79216,9,5.902036,True,success,2
12.857281,13,5.967236,True,success,2
11.46117,16,5.974163,True,success,2
-2.889415,41,5.990471,False,stalled,2
13.124045,8,5.994928,True,success,2
13.730083,14,6.000816,True,success,2
-3.703048,41,6.017214,False,stalled,2
11.837746,4,6.020236,True,success,2
12.682607,14,6.026488,True,success,2
13.358822,10,6.030872,True,success,2
11.632315,11,6.035954,True,success,2
11.939459,15,6.043291,True,success,2
13.762203,35,6.057662,True,success,2
-2.01041,38,6.07198,False,stalled,2
11.469623,8,6.138377,True,success,2
12.86,7,6.141705,True,success,2
11.767915,13,6.147917,True,success,2
12.737735,18,6.155809,True,success,2
13.836654,16,6.162764,True,success,2
12.786993,20,6.170745,True,success,2
-5.001692,57,6.191133,False,stalled,2
11.308528,7,6.194788,True,success,2
12.351407,17,6.201659,True,success,2
10.756743,32,6.214738,True,success,2
11.548363,9,6.218659,True,success,2
13.82505,10,6.223754,True,success,2
12.991944,21,6.232258,True,success,2
13.296986,37,6.307627,True,success,2
13.366681,10,6.313075,True,success,2
12.380623,24,6.322936,True,success,2
12.939948,8,6.32675,True,success,2
12.373863,5,6.330029,True,success,2
13.388583,12,6.335739,True,success,2
11.970931,6,6.338921,True,success,2
12.742663,9,6.343312,True,success,2
12.168383,4,6.345774,True,success,2
-3.180924,67,6.370318,False,stalled,2
13.204017,6,6.373964,True,success,2
12.999786,8,6.377591,True,success,2
13.634781,9,6.381762,True,success,2
9.535557,53,6.401218,True,success,2
13.575723,20,6.410001,True,success,2
12.798924,13,6.481819,True,success,2
11.959608,4,6.484613,True,success,2
-2.722934,52,6.505434,False,stalled,2
13.249483,15,6.512267,True,success,2
11.624367,12,6.517225,True,success,2
11.549623,4,6.519658,True,success,2
13.585045,15,6.526634,True,success,2
-2.60887,51,6.546267,False,stalled,2
12.728427,5,6.549285,True,success,2
12.956681,18,6.556714,True,success,2
12.447241,24,6.566144,True,success,2
11.89916,4,6.568892,True,success,2
12.160721,21,6.578228,True,success,2
13.124909,7,6.581933,True,success,2
13.084485,13,6.587567,True,success,2
13.51633,18,6.654259,True,success,2
12.455499,24,6.66504,True,success,2
12.875755,9,6.669169,True,success,2
13.05509,12,6.674579,True,success,2
13.450588,10,6.67927,True,success,2
11.917474,52,6.698432,True,success,2
12.742654,18,6.706137,True,success,2
-1.897497,75,6.73422,False,stalled,2
13.810262,9,6.73871,True,success,2
13.163314,15,6.744977,True,success,2
13.134843,14,6.750869,True,success,2
13.709393,14,6.815593,True,success,2
13.590313,9,6.820116,True,success,2
12.972967,26,6.831335,True,success,2
12.928455,18,6.838794,True,success,2
12.719105,6,6.841784,True,success,2
11.40519,7,6.845569,True,success,2
12.782663,7,6.849117,True,success,2
13.853894,11,6.85408,True,success,2
14.079033,18,6.862094,True,success,2
13.005584,7,6.865676,True,success,2
14.202213,9,6.869905,True,success,2
-3.803009,44,6.887155,False,stalled,2
11.766201,9,6.892222,True,success,2
-3.617959,47,6.910925,False,stalled,2
12.076077,10,6.915822,True,success,2
-1.671234,53,7.000997,False,stalled,2
14.343799,14,7.007403,True,success,2
12.401149,21,7.016577,True,success,2
13.59635,13,7.022377,True,success,2
-2.62653,38,7.036986,False,stalled,2
13.084791,7,7.041156,True,success,2
12.995171,15,7.048208,True,success,2
12.147287,5,7.050779,True,success,2
12.17974,8,7.055071,True,success,2
12.586645,5,7.057741,True,success,2
13.833606,10,7.06254,True,success,2
13.661875,9,7.066599,True,success,2
12.058884,11,7.071866,True,success,2
13.020253,19,7.079769,True,success,2
-2.633883,44,7.096899,False,stalled,2
14.134869,8,7.160666,True,success,2
-2.585474,35,7.174529,False,stalled,2
13.400197,23,7.184366,True,success,2
13.846189,9,7.18888,True,success,2
11.64239,6,7.192699,True,success,2
13.737223,13,7.198527,True,success,2
13.285578,11,7.203541,True,success,2
12.955738,9,7.208278,True,success,2
14.165584,9,7.212205,True,success,2
12.259746,19,7.21971,True,success,2
13.574674,8,7.223486,True,success,2
12.999786,8,7.227287,True,success,2
13.641053,27,7.238149,True,success,2
13.204017,6,7.24161,True,success,2
13.941534,13,7.247309,True,success,2
-5.070366,45,7.265338,False,stalled,2
13.881545,11,7.330214,True,success,2
13.444879,9,7.334992,True,success,2
11.489623,7,7.339158,True,success,2
13.245635,37,7.355971,True,success,2
13.25643,8,7.360126,True,success,2
13.032491,27,7.370918,True,success,2
11.762403,4,7.373463,True,success,2
12.71925,7,7.377279,True,success,2
14.288918,10,7.381806,True,success,2
11.112646,23,7.390918,True,success,2
12.603898,46,7.409194,True,success,2
-3.359609,66,7.436421,False,stalled,2
12.76685,8,7.440301,True,success,2
12.373863,5,7.504965,True,success,2
12.74,13,7.510691,True,success,2
13.773749,16,7.517464,True,success,2
12.607432,21,7.526518,True,success,2
-2.711124,47,7.544152,False,stalled,2
11.797746,6,7.547717,True,success,2
11.433496,17,7.554937,True,success,2
13.711885,19,7.563647,True,success,2
11.388528,3,7.565585,True,success,2
13.091099,7,7.569402,True,success,2
12.672172,15,7.576267,True,success,2
-1.945126,44,7.593253,False,stalled,2
13.648851,7,7.597122,True,success,2
11.293915,46,7.674243,True,success,2
11.102191,11,7.679828,True,success,2
12.755567,5,7.68247,True,success,2
13.187312,26,7.693482,True,success,2
11.950677,17,7.700675,True,success,2
12.912505,21,7.710358,True,success,2
13.509658,7,7.713959,True,success,2
12.99045,15,7.719909,True,success,2
13.929914,8,7.724355,True,success,2
-2.534831,38,7.739555,False,stalled,2
14.094869,10,7.744644,True,success,2
12.87628,11,7.750026,True,success,2
11.675016,15,7.757413,True,success,2
13.648851,7,7.760736,True,success,2
12.056077,11,7.7661,True,success,2
13.948152,20,7.775972,True,success,2
12.874975,11,7.780923,True,success,2
13.281622,17,7.856681,True,success,2
12.855577,12,7.863239,True,success,2
14.303022,9,7.867464,True,success,2
12.939786,11,7.872037,True,success,2
12.143562,6,7.875966,True,success,2
12.313002,41,7.892946,True,success,2
13.495708,25,7.902755,True,success,2
-4.556936,39,7.917481,False,stalled,2
12.71,12,7.922995,True,success,2
13.465509,14,7.929316,True,success,2
13.387714,28,7.940291,True,success,2
-1.634238,38,7.955317,False,stalled,2
12.978018,14,7.961285,True,success,2
12.630506,10,8.025644,True,success,2
12.698135,13,8.031629,True,success,2
12.909619,9,8.036024,True,success,2
12.729182,10,8.040589,True,success,2
11.551302,17,8.048619,True,success,2
-4.958857,34,8.062886,False,stalled,2
12.7392,13,8.068603,True,success,2
13.957795,10,8.073476,True,success,2
12.093085,41,8.089695,True,success,2
12.987866,8,8.093301,True,success,2
11.959608,4,8.095769,True,success,2
11.857156,5,8.098448,True,success,2
13.92386,19,8.106315,True,success,2
12.881603,10,8.111128,True,success,2
14.058195,9,8.115465,True,success,2
13.18616,7,8.119558,True,success,2
12.831663,14,8.125388,True,success,2
11.742786,8,8.128989,True,success,2
-4.04061,62,8.209367,False,stalled,2
12.87353,25,8.218978,True,success,2
13.534095,16,8.225929,True,success,2
13.779017,18,8.233179,True,success,2
12.8192,9,8.237491,True,success,2
12.168383,4,8.239891,True,success,2
12.183562,4,8.242434,True,success,2
12.169248,19,8.250067,True,success,2
13.938198,8,8.253769,True,success,2
13.658958,12,8.259023,True,success,2
-3.297436,53,8.279516,False,stalled,2
12.777056,6,8.282847,True,success,2
13.756008,30,8.29476,True,success,2
14.157199,9,8.299561,True,success,2
13.764671,14,8.364698,True,success,2
10.303475,45,8.384715,True,success,2
12.750801,11,8.390087,True,success,2
12.857301,29,8.401603,True,success,2
12.589938,10,8.407137,True,success,2
-3.865191,41,8.422539,False,stalled,2
13.898366,13,8.428084,True,success,2
12.986512,9,8.432175,True,success,2
-2.967823,36,8.446356,False,stalled,2
-4.207615,34,8.459752,False,stalled,2
14.478258,11,8.464792,True,success,2
-2.015413,40,8.540601,False,stalled,2
11.909893,5,8.543753,True,success,2
11.795843,4,8.546511,True,success,2
13.102995,30,8.558996,True,success,2
-3.813043,51,8.577608,False,stalled,2
-3.076615,39,8.592848,False,stalled,2
12.728427,5,8.595696,True,success,2
11.779995,25,8.605893,True,success,2
12.168383,4,8.608168,True,success,2
11.992682,12,8.613324,True,success,2
8.934735,57,8.695732,True,success,2
13.111254,8,8.699576,True,success,2
12.928528,16,8.706165,True,success,2
13.14182,39,8.721449,True,success,2
12.728427,5,8.724732,True,success,2
13.591957,18,8.731969,True,success,2
12.641308,15,8.738118,True,success,2
14.023725,16,8.745381,True,success,2
11.621166,39,8.760399,True,success,2
11.433576,59,8.782399,True,success,2
-4.390239,75,8.869803,False,stalled,2
12.063331,5,8.872667,True,success,2
11.558777,11,8.877902,True,success,2
11.997226,31,8.889661,True,success,2
12.719186,39,8.904804,True,success,2
13.419224,8,8.909103,True,success,2
11.672786,9,8.913066,True,success,2
12.994508,9,8.917176,True,success,2
13.248854,31,8.930098,True,success,2
13.636411,9,8.934205,True,success,2
12.024106,10,8.939589,True,success,2
13.692755,10,8.944634,True,success,2
12.961034,28,8.955167,True,success,2
12.381935,20,9.021801,True,success,2
12.104578,64,9.046282,True,success,2
13.147096,8,9.050267,True,success,2
11.751186,11,9.055389,True,success,2
14.335211,9,9.059479,True,success,2
11.758023,10,9.064099,True,success,2
-2.607081,39,9.079477,False,stalled,2
12.860262,11,9.084381,True,success,2
12.250779,7,9.087642,True,success,2
-1.841098,38,9.10291,False,stalled,2
11.755843,6,9.106696,True,success,2
-5.1,30,9.11795,False,stalled,2
13.699758,18,9.19454,True,success,2
12.221607,7,9.198522,True,success,2
13.021667,9,9.20274,True,success,2
12.440513,26,9.214403,True,success,2
11.416921,5,9.217175,True,success,2
-1.776192,41,9.232367,False,stalled,2
12.555142,17,9.239349,True,success,2
12.045843,7,9.243393,True,success,2
-3.193599,40,9.258931,False,stalled,2
11.89916,4,9.261343,True,success,2
12.183562,4,9.263814,True,success,2
13.177986,26,9.273827,True,success,2
13.198516,18,9.282207,True,success,2
-4.111937,32,9.29562,False,stalled,2
11.944106,14,9.302469,True,success,2
14.274113,16,9.368038,True,success,2
12.989565,6,9.371043,True,success,2
10.47371,64,9.397191,True,success,2
-3.444445,77,9.425937,False,stalled,2
10.262505,31,9.43813,True,success,2
12.777056,6,9.441444,True,success,2
11.909893,5,9.444246,True,success,2
12.759698,19,9.451719,True,success,2
12.5261,33,9.523785,True,success,2
14.137577,10,9.528339,True,success,2
12.886993,15,9.535629,True,success,2
13.661875,9,9.539766,True,success,2
13.521048,17,9.54774,True,success,2
13.892256,9,9.551835,True,success,2
12.845802,11,9.55667,True,success,2
12.55759,24,9.566729,True,success,2
13.53175,15,9.572783,True,success,2
13.905528,9,9.57796,True,success,2
13.455267,17,9.58488,True,success,2
12.772156,10,9.589593,True,success,2
12.950676,17,9.596869,True,success,2
13.399792,33,9.609944,True,success,2
11.653226,11,9.614693,True,success,2
12.063331,5,9.617619,True,success,2
13.367883,15,9.624826,True,success,2
13.084791,7,9.628106,True,success,2
12.560549,13,9.633737,True,success,2
13.039899,7,9.637905,True,success,2
13.095704,37,9.710506,True,success,2
12.893377,7,9.714054,True,success,2
13.835316,13,9.719474,True,success,2
13.063014,20,9.728453,True,success,2
13.389658,13,9.733813,True,success,2
12.787736,6,9.73677,True,success,2
12.750196,12,9.742509,True,success,2
13.136159,21,9.751126,True,success,2
11.367818,5,9.753718,True,success,2
12.852966,9,9.758159,True,success,2
12.532603,5,9.760768,True,success,2
12.747065,29,9.773052,True,success,2
11.407818,3,9.775328,True,success,2
12.699769,38,9.79127,True,success,2
11.762403,4,9.793622,True,success,2
13.882794,9,9.797851,True,success,2
13.604095,15,9.804559,True,success,2
12.918487,10,9.808775,True,success,2
13.504674,9,9.871967,True,success,2
13.969548,11,9.876936,True,success,2
13.320116,23,9.886189,True,success,2
13.96173,8,9.890121,True,success,2
12.991111,30,9.902649,True,success,2
13.325764,23,9.911734,True,success,2
12.747736,8,9.915633,True,success,2
12.296539,23,9.924559,True,success,2
-1.310144,39,9.939477,False,stalled,2
11.613245,27,9.950287,True,success,2
12.107287,7,9.954077,True,success,2
12.163266,8,9.957989,True,success,2
13.079351,9,9.961952,True,success,2
13.784078,8,9.965884,True,success,2
12.183562,4,9.968356,True,success,2
-1.636333,45,10.044917,False,stalled,2
-3.262309,37,10.060741,False,stalled,2
13.784078,8,10.065622,True,success,2
-4.184424,33,10.078251,False,stalled,2
13.028487,7,10.081991,True,success,2
12.161585,13,10.087429,True,success,2
12.053849,8,10.091703,True,success,2
-2.89485,46,10.11004,False,stalled,2
13.148213,42,10.126044,True,success,2
11.639999,8,10.129774,True,success,2
11.588363,7,10.133257,True,success,2
13.814281,9,10.13751,True,success,2
12.955441,55,10.216385,True,success,2
-1.18643,43,10.232806,False,stalled,2
-3.529733,34,10.246492,False,stalled,2
12.291079,6,10.249808,True,success,2
12.441753,25,10.259481,True,success,2
12.954975,7,10.26299,True,success,2
12.678014,9,10.266969,True,success,2
-3.962812,42,10.283107,False,stalled,2
12.935577,8,10.287792,True,success,2
12.985755,6,10.291433,True,success,2
13.905966,7,10.295406,True,success,2
-4.238032,32,10.367825,False,stalled,2
13.570282,8,10.371637,True,success,2
12.627339,10,10.376018,True,success,2
13.933013,11,10.381058,True,success,2
13.882794,9,10.384995,True,success,2
12.361079,5,10.387743,True,success,2
12.86,7,10.391015,True,success,2
11.86454,8,10.395427,True,success,2
13.927393,11,10.400949,True,success,2
12.87275,14,10.406575,True,success,2
12.493033,6,10.410059,True,success,2
14.288528,8,10.414532,True,success,2
13.490078,9,10.418697,True,success,2
-3.378921,37,10.432427,False,stalled,2
12.629938,8,10.43641,True,success,2
12.050339,13,10.442278,True,success,2
12.078013,6,10.445612,True,success,2
13.651343,11,10.450596,True,success,2
12.768468,29,10.462052,True,success,2
13.601886,12,10.467396,True,success,2
-2.895867,54,10.55285,False,stalled,2
13.929914,8,10.556916,True,success,2
13.713089,8,10.561424,True,success,2
11.795843,4,10.564664,True,success,2
13.902924,17,10.571936,True,success,2
12.817934,8,10.576228,True,success,2
13.191882,17,10.583115,True,success,2
13.521793,15,10.589125,True,success,2
12.412925,22,10.598175,True,success,2
13.370078,15,10.604284,True,success,2
12.220721,18,10.612691,True,success,2
13.612697,9,10.616827,True,success,2
-2.835279,39,10.632361,False,stalled,2
13.524981,7,10.636249,True,success,2
13.786276,16,10.643106,True,success,2
13.067951,18,10.650224,True,success,2
12.361079,5,10.653484,True,success,2
12.865232,20,10.7197,True,success,2
11.943258,18,10.726921,True,success,2
12.067195,14,10.733376,True,success,2
13.100894,7,10.73697,True,success,2
11.762403,4,10.739232,True,success,2
-4.048118,50,10.75811,False,stalled,2
11.98386,7,10.761671,True,success,2
13.57241,11,10.766321,True,success,2
12.825762,20,10.775223,True,success,2
13.602058,26,10.785507,True,success,2
13.393177,17,10.793004,True,success,2
-2.780302,40,10.808572,False,stalled,2
13.553512,19,10.816225,True,success,2
13.371854,13,10.88148,True,success,2
11.74,3,10.883477,True,success,2
12.98082,7,10.886842,True,success,2
11.848814,6,10.890188,True,success,2
12.976408,9,10.894598,True,success,2
12.402749,25,10.904521,True,success,2
11.64239,6,10.907514,True,success,2
12.265608,5,10.91096,True,success,2
13.391649,22,10.919605,True,success,2
12.746049,9,10.923703,True,success,2
12.895525,7,10.927602,True,success,2
13.19354,29,10.938808,True,success,2
13.444058,12,10.94495,True,success,2
12.254676,25,10.954452,True,success,2
12.779634,40,10.971606,True,success,2
11.869959,12,10.976525,True,success,2
13.338837,9,10.980662,True,success,2
12.168383,4,10.982915,True,success,2
11.601867,38,11.057003,True,success,2
12.532603,5,11.059623,True,success,2
12.400721,9,11.064343,True,success,2
12.183562,4,11.066619,True,success,2
14.094869,10,11.071273,True,success,2
11.743438,5,11.073836,True,success,2
13.952246,16,11.080643,True,success,2
13.466952,9,11.084873,True,success,2
11.407818,3,11.086815,True,success,2
14.043247,8,11.090693,True,success,2
13.342771,10,11.095676,True,success,2
14.030354,11,11.10041,True,success,2
-3.985709,43,11.117085,False,stalled,2
12.964462,12,11.122599,True,success,2
12.747736,8,11.126729,True,success,2
-1.834264,52,11.146958,False,stalled,2
14.056842,10,11.15154,True,success,2
13.636095,14,11.158264,True,success,2
11.74,3,11.160316,True,success,2
-1.551193,50,11.238865,False,stalled,2
12.265608,5,11.241822,True,success,2
12.010322,27,11.253191,True,success,2
14.034917,10,11.258162,True,success,2
11.617056,4,11.260969,True,success,2
-4.503629,71,11.286634,False,stalled,2
11.545006,31,11.299203,True,success,2
13.724525,14,11.306104,True,success,2
13.178727,7,11.309382,True,success,2
13.435796,24,11.31881,True,success,2
13.490588,8,11.32244,True,success,2
11.798383,20,11.389313,True,success,2
13.631957,16,11.397175,True,success,2
13.713089,8,11.401544,True,success,2
-3.332436,33,11.414176,False,stalled,2
11.259105,6,11.417501,True,success,2
13.798969,23,11.427086,True,success,2
-3.615331,33,11.440041,False,stalled,2
12.612578,11,11.445096,True,success,2
13.439371,17,11.452084,True,success,2
11.688896,7,11.45585,True,success,2
12.965299,10,11.460564,True,success,2
12.942652,12,11.465787,True,success,2
13.538851,10,11.470925,True,success,2
13.790559,13,11.47626,True,success,2
13.856717,8,11.480428,True,success,2
13.713089,8,11.485068,True,success,2
13.802953,12,11.490202,True,success,2
12.0301,10,11.494783,True,success,2
11.98386,7,11.498385,True,success,2
12.038389,14,11.563007,True,success,2
13.327508,15,11.569404,True,success,2
-2.9818,39,11.583842,False,stalled,2
13.206037,12,11.589303,True,success,2
13.875053,9,11.593573,True,success,2
-4.915894,30,11.604676,False,stalled,2
12.897824,40,11.619333,True,success,2
12.682876,6,11.623123,True,success,2
12.183562,4,11.625445,True,success,2
13.248768,17,11.632404,True,success,2
13.715423,27,11.643129,True,success,2
12.824462,14,11.649035,True,success,2
13.844922,9,11.653673,True,success,2
14.046008,18,11.660823,True,success,2
13.164756,27,11.730082,True,success,2
12.91515,12,11.735345,True,success,2
13.573276,19,11.744328,True,success,2
12.759127,34,11.757326,True,success,2
11.486125,50,11.776162,True,success,2
12.792081,7,11.779909,True,success,2
11.608088,10,11.784605,True,success,2
11.796145,16,11.791908,True,success,2
12.690423,9,11.795883,True,success,2
13.725537,8,11.799825,True,success,2
12.700125,20,11.808479,True,success,2
12.01327,6,11.811668,True,success,2
11.927915,5,11.814261,True,success,2
11.267818,10,11.818913,True,success,2
10.685578,40,11.899548,True,success,2
-3.855432,34,11.914203,False,stalled,2
-3.704208,32,11.928001,False,stalled,2
11.817156,7,11.93244,True,success,2
12.135498,7,11.936015,True,success,2
13.691928,16,11.943139,True,success,2
12.147287,5,11.945904,True,success,2
12.592654,23,11.955121,True,success,2
12.373863,5,11.958757,True,success,2
11.795843,4,11.961128,True,success,2
-4.021697,47,11.978157,False,stalled,2
12.065178,43,11.994257,True,success,2
10.426527,64,12.07553,True,success,2
12.361079,5,12.078336,True,success,2
11.713226,8,12.08248,True,success,2
-3.984685,56,12.104372,False,stalled,2
11.441933,41,12.120404,True,success,2
11.725253,13,12.126416,True,success,2
13.316372,17,12.133641,True,success,2
-1.48327,49,12.152437,False,stalled,2
13.405543,16,12.159251,True,success,2
-1.212176,51,12.236976,False,stalled,2
12.618828,23,12.246089,True,success,2
11.514113,4,12.248742,True,success,2
13.71652,10,12.253253,True,success,2
12.629938,8,12.257345,True,success,2
12.942818,39,12.272447,True,success,2
11.586132,25,12.28297,True,success,2
13.136966,21,12.291299,True,success,2
12.855857,6,12.294444,True,success,2
13.864932,10,12.299318,True,success,2
11.89916,4,12.301562,True,success,2
12.497597,17,12.30867,True,success,2
13.757515,19,12.317653,True,success,2
11.816582,5,12.320178,True,success,2
12.629938,8,12.324178,True,success,2
11.779608,8,12.328449,True,success,2
12.855878,15,12.392787,True,success,2
12.78009,9,12.397178,True,success,2
13.596411,11,12.402709,True,success,2
12.8592,7,12.405975,True,success,2
12.777056,6,12.409237,True,success,2
13.742445,7,12.412531,True,success,2
12.929045,7,12.416744,True,success,2
12.361079,5,12.41935,True,success,2
14.166797,9,12.423589,True,success,2
-1.987092,35,12.437653,False,stalled,2
14.255014,8,12.44144,True,success,2
12.187427,6,12.444577,True,success,2
13.053558,6,12.448029,True,success,2
-6.242947,62,12.471112,False,stalled,2
13.725537,8,12.474834,True,success,2
-3.743413,38,12.488655,False,stalled,2
13.94173,9,12.493086,True,success,2
12.146611,11,12.497725,True,success,2
11.759856,6,12.559358,True,success,2
-2.394203,39,12.574696,False,stalled,2
12.86,7,12.578105,True,success,2
13.244879,19,12.586204,True,success,2
13.978318,11,12.591024,True,success,2
13.028487,7,12.594266,True,success,2
13.682659,23,12.603868,True,success,2
-1.893277,35,12.61698,False,stalled,2
-0.874211,37,12.631793,False,stalled,2
13.83493,8,12.635513,True,success,2
-3.918496,59,12.657209,False,stalled,2
12.61092,21,12.72525,True,success,2
12.088383,8,12.729107,True,success,2
-3.119149,65,12.753242,False,stalled,2
-5.08802,68,12.778549,False,stalled,2
12.728427,5,12.782052,True,success,2
12.901665,10,12.786487,True,success,2
11.275133,28,12.797445,True,success,2
12.276238,40,12.812835,True,success,2
13.114485,14,12.818665,True,success,2
14.083805,13,12.881874,True,success,2
-2.270448,41,12.897241,False,stalled,2
13.781598,22,12.906514,True,success,2
14.054967,14,12.912359,True,success,2
13.848966,17,12.919497,True,success,2
12.644062,17,12.926268,True,success,2
12.811276,18,12.934077,True,success,2
12.787736,6,12.937232,True,success,2
13.021384,7,12.940497,True,success,2
13.713089,8,12.944261,True,success,2
14.262096,8,12.9484,True,success,2
11.837096,10,12.953341,True,success,2
12.719105,6,12.956445,True,success,2
13.835053,11,12.961672,True,success,2
11.489545,50,12.981188,True,success,2
13.60642,17,13.044829,True,success,2
11.959608,4,13.047333,True,success,2
-3.937495,34,13.060182,False,stalled,2
11.757746,8,13.064021,True,success,2
13.429805,21,13.072799,True,success,2
-3.29272,67,13.097027,False,stalled,2
13.638966,20,13.105893,True,success,2
13.702445,9,13.109987,True,success,2
12.786457,41,13.125814,True,success,2
13.016408,7,13.129554,True,success,2
13.660626,9,13.133688,True,success,2
-3.341053,52,13.218412,False,stalled,2
13.248641,12,13.223723,True,success,2
11.275441,27,13.234333,True,success,2
12.314701,7,13.238308,True,success,2
13.570282,8,13.242125,True,success,2
14.172147,11,13.246818,True,success,2
11.73013,29,13.257754,True,success,2
12.168383,4,13.260037,True,success,2
12.74225,7,13.264005,True,success,2
11.973327,9,13.268042,True,success,2
11.308965,55,13.288206,True,success,2
-2.76136,36,13.302044,False,stalled,2
12.265608,5,13.304914,True,success,2
11.266473,6,13.308048,True,success,2
13.04254,9,13.312683,True,success,2
12.52925,14,13.376146,True,success,2
-2.34575,39,13.391459,False,stalled,2
13.258033,14,13.397411,True,success,2
12.895577,10,13.402472,True,success,2
13.829103,9,13.406442,True,success,2
13.477035,19,13.414472,True,success,2
13.416021,9,13.418587,True,success,2
-1.121817,65,13.4423,False,stalled,2
13.057877,15,13.448568,True,success,2
12.940967,8,13.452375,True,success,2
12.629463,10,13.456757,True,success,2
12.920258,7,13.461118,True,success,2
-3.090189,47,13.480089,False,stalled,2
13.944344,11,13.541869,True,success,2
12.085608,14,13.547658,True,success,2
13.127689,41,13.562897,True,success,2
13.900566,13,13.568578,True,success,2
12.526709,14,13.574182,True,success,2
13.360655,28,13.585547,True,success,2
12.085843,5,13.588129,True,success,2
12.905878,10,13.592502,True,success,2
13.855584,17,13.599887,True,success,2
12.104089,14,13.605657,True,success,2
13.21643,10,13.610173,True,success,2
-3.069068,43,13.626083,False,stalled,2
13.711606,28,13.637334,True,success,2
13.803828,7,13.640863,True,success,2
13.490282,12,13.702446,True,success,2
12.620262,23,13.711301,True,success,2
11.388528,3,13.713177,True,success,2
12.361079,5,13.715957,True,success,2
12.735525,15,13.722668,True,success,2
12.835632,7,13.72592,True,success,2
13.536706,13,13.731439,True,success,2
12.989565,6,13.734475,True,success,2
14.132674,16,13.740837,True,success,2
13.570642,7,13.744288,True,success,2
13.406602,9,13.748539,True,success,2
13.753646,27,13.758657,True,success,2
13.080577,35,13.773269,True,success,2
12.869619,11,13.778722,True,success,2
13.530282,10,13.783238,True,success,2
13.629795,10,13.787787,True,success,2
13.619849,19,13.796757,True,success,2
11.907096,9,13.801067,True,success,2
13.090189,40,13.874762,True,success,2
13.61127,30,13.886153,True,success,2
11.905588,18,13.893227,True,success,2
13.947314,9,13.897502,True,success,2
14.140916,19,13.905296,True,success,2
11.407818,3,13.907206,True,success,2
12.972671,32,13.92089,True,success,2
12.918334,51,13.940874,True,success,2
11.407818,3,13.943052,True,success,2
-3.373525,52,13.964216,False,stalled,2
11.07412,25,14.032249,True,success,2
12.203266,6,14.035758,True,success,2
12.243771,11,14.041887,True,success,2
12.951384,8,14.045482,True,success,2
13.204017,6,14.048932,True,success,2
11.74,3,14.051034,True,success,2
13.675966,16,14.057809,True,success,2
13.510624,18,14.065428,True,success,2
12.268551,7,14.069559,True,success,2
11.287818,9,14.073481,True,success,2
12.905632,6,14.076581,True,success,2
12.859948,12,14.082483,True,success,2
13.317837,22,14.091871,True,success,2
13.685537,10,14.096619,True,success,2
13.289753,8,14.100302,True,success,2
13.497473,10,14.104864,True,success,2
13.114018,7,14.108115,True,success,2
11.518814,39,14.123636,True,success,2
12.020691,9,14.127932,True,success,2
13.395091,10,14.132348,True,success,2
12.618883,9,14.13627,True,success,2
13.419224,8,14.140042,True,success,2
14.289253,14,14.147242,True,success,2
14.166797,9,14.211709,True,success,2
13.774627,19,14.220207,True,success,2
13.384958,17,14.227075,True,success,2
13.490588,8,14.230911,True,success,2
13.964344,10,14.235752,True,success,2
13.93679,16,14.243002,True,success,2
11.549623,4,14.245355,True,success,2
13.562123,16,14.252344,True,success,2
11.887956,15,14.258829,True,success,2
13.505478,14,14.264983,True,success,2
13.239903,13,14.271207,True,success,2
12.078021,35,14.284699,True,success,2
12.702543,25,14.294083,True,success,2
11.943331,11,14.30028,True,success,2
-2.40457,38,14.31553,False,stalled,2
13.648851,7,14.31908,True,success,2
12.728427,5,14.566941,True,success,2
11.439363,48,14.584404,True,success,2
11.307915,31,14.596432,True,success,2
14.098567,12,14.601379,True,success,2
11.407818,3,14.60368,True,success,2
12.127427,9,14.607661,True,success,2
11.909893,5,14.610377,True,success,2
11.611354,10,14.614633,True,success,2
11.304093,5,14.61781,True,success,2
-2.889623,43,14.633934,False,stalled,2
-2.421528,36,14.647444,False,stalled,2
14.210295,9,14.652685,True,success,2
12.855857,6,14.655693,True,success,2
12.506107,10,14.6605,True,success,2
11.89916,4,14.663047,True,success,2
13.069882,12,14.668498,True,success,2
12.187427,6,14.672094,True,success,2
12.877765,11,14.740063,True,success,2
13.872717,9,14.744652,True,success,2
13.039422,12,14.749994,True,success,2
12.759619,14,14.756097,True,success,2
12.895525,7,14.759462,True,success,2
12.80082,16,14.765982,True,success,2
-2.608032,41,14.781557,False,stalled,2
13.467939,8,14.786036,True,success,2
12.752081,9,14.790011,True,success,2
13.992596,12,14.795048,True,success,2
11.791032,6,14.798516,True,success,2
13.23869,31,14.810257,True,success,2
13.570282,8,14.814609,True,success,2
11.795843,4,14.816908,True,success,2
13.896666,10,14.82133,True,success,2
-2.028315,40,14.835893,False,stalled,2
12.373863,5,14.838786,True,success,2
13.053558,6,14.841751,True,success,2
13.100894,7,14.846202,True,success,2
12.006201,7,14.907509,True,success,2
13.416021,9,14.911748,True,success,2
13.91175,11,14.916496,True,success,2
12.187427,6,14.919429,True,success,2
12.376929,7,14.923637,True,success,2
13.311985,42,14.93913,True,success,2
12.183562,4,14.941393,True,success,2
12.949173,8,14.945133,True,success,2
13.595138,17,14.952292,True,success,2
11.987096,5,14.955292,True,success,2
12.265608,5,14.958055,True,success,2
12.168383,4,14.960345,True,success,2
13.784078,8,14.964166,True,success,2
12.624887,36,14.980984,True,success,2
11.837746,4,14.98394,True,success,2
-1.831789,47,15.001615,False,stalled,2
11.713176,15,15.008281,True,success,2
11.095619,62,15.088617,True,success,2
13.893894,9,15.093033,True,success,2
-1.585372,43,15.108911,False,stalled,2
13.611227,23,15.117873,True,success,2
13.124017,10,15.122869,True,success,2
12.940894,15,15.128999,True,success,2
11.399623,9,15.133107,True,success,2
12.16007,22,15.141897,True,success,2
12.526998,23,15.151918,True,success,2
12.975878,9,15.156139,True,success,2
14.001207,30,15.167948,True,success,2
11.619595,9,15.171903,True,success,2
12.578105,27,15.240555,True,success,2
11.901186,6,15.244007,True,success,2
12.102411,8,15.247744,True,success,2
12.807039,20,15.256216,True,success,2
11.407818,3,15.258189,True,success,2
12.276768,36,15.272167,True,success,2
12.664173,10,15.276518,True,success,2
-3.70201,77,15.306027,False,stalled,2
12.890397,14,15.312161,True,success,2
13.905966,7,15.315589,True,success,2
11.64571,8,15.319935,True,success,2
11.676937,7,15.323193,True,success,2
-3.133345,38,15.337254,False,stalled,2
12.07925,24,15.407981,True,success,2
12.752081,9,15.412603,True,success,2
12.901384,13,15.418062,True,success,2
-5.023418,30,15.429482,False,stalled,2
13.855977,12,15.434552,True,success,2
11.987323,33,15.448104,True,success,2
12.168383,4,15.450557,True,success,2
13.657957,10,15.455414,True,success,2
12.333863,7,15.458831,True,success,2
13.744078,10,15.463079,True,success,2
-1.978617,73,15.491794,False,stalled,2
13.156751,13,15.497345,True,success,2
-3.176759,44,15.572695,False,stalled,2
12.085843,5,15.576679,True,success,2
12.438018,22,15.585207,True,success,2
12.321079,7,15.589243,True,success,2
13.648851,7,15.592564,True,success,2
13.192644,25,15.602042,True,success,2
13.02275,9,15.606382,True,success,2
12.885808,10,15.610777,True,success,2
14.102577,13,15.615997,True,success,2
11.56239,10,15.62099,True,success,2
14.166797,9,15.625088,True,success,2
-2.961139,35,15.63818,False,stalled,2
12.324196,26,15.648195,True,success,2
13.71216,13,15.654335,True,success,2
12.777056,6,15.657268,True,success,2
11.834234,12,15.662404,True,success,2
13.204017,6,15.666118,True,success,2
13.712842,28,15.734543,True,success,2
-2.194468,34,15.747751,False,stalled,2
12.945755,8,15.75163,True,success,2
12.658803,10,15.756041,True,success,2
12.183562,4,15.758693,True,success,2
9.730975,63,15.781453,True,success,2
13.952115,11,15.78626,True,success,2
14.064764,20,15.794984,True,success,2
12.088383,8,15.798824,True,success,2
13.929914,8,15.802641,True,success,2
13.670423,20,15.811362,True,success,2
11.638023,16,15.818025,True,success,2
12.004106,11,15.822893,True,success,2
12.159459,9,15.827016,True,success,2
12.01225,26,15.837414,True,success,2
12.023461,39,15.918418,True,success,2
13.86146,10,15.922956,True,success,2
11.757657,74,15.951875,True,success,2
13.712909,11,15.957589,True,success,2
12.901665,10,15.961982,True,success,2
11.909893,5,15.964888,True,success,2
-3.898141,33,15.979394,False,stalled,2
13.899345,32,15.993172,True,success,2
12.168383,4,15.995468,True,success,2
14.032568,12,16.000788,True,success,2
-3.56087,33,16.071871,False,stalled,2
13.467547,11,16.076946,True,success,2
12.586191,10,16.081618,True,success,2
13.502369,10,16.086166,True,success,2
-2.402464,39,16.101612,False,stalled,2
11.947195,20,16.111066,True,success,2
11.74,3,16.113069,True,success,2
10.968776,31,16.124868,True,success,2
14.248528,10,16.129131,True,success,2
-3.694741,42,16.145493,False,stalled,2
13.114134,21,16.154855,True,success,2
12.855857,6,16.157893,True,success,2
11.795843,4,16.160343,True,success,2
11.799874,28,16.170799,True,success,2
13.361162,20,16.236979,True,success,2
13.128528,6,16.240001,True,success,2
13.776189,10,16.244936,True,success,2
-3.667387,34,16.257898,False,stalled,2
12.981665,6,16.261786,True,success,2
11.959608,4,16.264268,True,success,2
-1.087247,53,16.283938,False,stalled,2
13.50522,18,16.291669,True,success,2
11.6833,34,16.303806,True,success,2
12.130848,53,16.323698,True,success,2
-1.697646,35,16.336796,False,stalled,2
11.758936,7,16.398384,True,success,2
11.780966,11,16.403259,True,success,2
-3.165181,52,16.42209,False,stalled,2
12.898989,19,16.430214,True,success,2
-3.758309,39,16.444463,False,stalled,2
13.091099,7,16.447932,True,success,2
11.184093,11,16.452671,True,success,2
13.893894,9,16.457181,True,success,2
12.085843,5,16.459999,True,success,2
13.07903,59,16.48376,True,success,2
12.715567,7,16.487989,True,success,2
12.136374,6,16.491027,True,success,2
12.8592,7,16.49448,True,success,2
-3.199541,34,16.566543,False,stalled,2
14.067393,9,16.570938,True,success,2
14.126797,11,16.575717,True,success,2
12.81107,21,16.584417,True,success,2
13.804597,7,16.587692,True,success,2
11.795843,4,16.590341,True,success,2
12.460206,21,16.599854,True,success,2
12.978999,13,16.605487,True,success,2
11.795843,4,16.607727,True,success,2
11.82694,27,16.618486,True,success,2
12.668811,11,16.623075,True,success,2
13.021099,8,16.627407,True,success,2
12.77501,15,16.633567,True,success,2
12.70304,15,16.640004,True,success,2
11.87956,14,16.646181,True,success,2
13.148623,11,16.650784,True,success,2
12.975878,9,16.655135,True,success,2
-3.69453,33,16.667891,False,stalled,2
11.545514,10,16.72999,True,success,2
11.387578,24,16.739934,True,success,2
12.478993,32,16.752489,True,success,2
11.837746,4,16.75477,True,success,2
14.002728,10,16.759223,True,success,2
12.91082,8,16.763071,True,success,2
11.8638,35,16.775551,True,success,2
12.874963,17,16.782937,True,success,2
-5.072467,30,16.795234,False,stalled,2
13.66167,19,16.803168,True,success,2
12.891814,12,16.808316,True,success,2
14.111343,11,16.814014,True,success,2
11.439436,18,16.821201,True,success,2
12.063331,5,16.823755,True,success,2
-1.190819,45,16.900182,False,stalled,2
11.539595,13,16.905977,True,success,2
12.935878,11,16.910769,True,success,2
11.351472,10,16.915515,True,success,2
-3.273747,63,16.939328,False,stalled,2
13.409,12,16.944739,True,success,2
-2.243381,36,16.959185,False,stalled,2
12.264089,6,16.963128,True,success,2
13.201339,17,16.97002,True,success,2
14.128195,8,16.973747,True,success,2
12.52053,16,16.981039,True,success,2
13.038843,26,16.991247,True,success,2
-3.874688,75,17.077217,False,stalled,2
-2.443824,46,17.093901,False,stalled,2
12.926059,8,17.098018,True,success,2
12.792081,7,17.101275,True,success,2
13.764597,9,17.105356,True,success,2
14.031588,11,17.110057,True,success,2
14.037199,15,17.116552,True,success,2
11.673586,27,17.126829,True,success,2
11.806415,8,17.131176,True,success,2
13.145364,15,17.137081,True,success,2
11.762403,4,17.139452,True,success,2
12.092435,9,17.144078,True,success,2
12.521953,18,17.151654,True,success,2
13.713089,8,17.155365,True,success,2
-2.753631,56,17.241748,False,stalled,2
14.014486,16,17.249215,True,success,2
12.190609,7,17.253187,True,success,2
-4.540797,67,17.278466,False,stalled,2
13.714984,10,17.283387,True,success,2
-5.0,30,17.294887,False,stalled,2
14.126842,9,17.299081,True,success,2
11.156743,12,17.303994,True,success,2
12.589786,12,17.309588,True,success,2
14.29518,11,17.314383,True,success,2
12.930625,15,17.320595,True,success,2
12.198676,8,17.324518,True,success,2
14.071719,9,17.328891,True,success,2
-2.41292,38,17.400673,False,stalled,2
12.894238,40,17.416066,True,success,2
12.047852,7,17.419373,True,success,2
12.947265,31,17.431135,True,success,2
-3.385234,40,17.445899,False,stalled,2
11.798936,5,17.44884,True,success,2
-1.065317,45,17.46595,False,stalled,2
-1.215483,57,17.488152,False,stalled,2
11.407818,3,17.490554,True,success,2
13.164017,8,17.553768,True,success,2
13.849914,12,17.558979,True,success,2
13.244943,8,17.562757,True,success,2
13.550813,9,17.567358,True,success,2
11.838629,7,17.570802,True,success,2
13.294154,22,17.579335,True,success,2
-2.225528,44,17.596983,False,stalled,2
12.763609,12,17.603157,True,success,2
12.905632,6,17.606069,True,success,2
-2.783371,53,17.625526,False,stalled,2
13.800354,18,17.63333,True,success,2
11.176289,20,17.641099,True,success,2
13.929914,8,17.645025,True,success,2
12.483603,16,17.651364,True,success,2
12.601867,13,17.657003,True,success,2
12.845584,15,17.720213,True,success,2
12.617326,13,17.725698,True,success,2
14.035457,12,17.730762,True,success,2
13.032911,15,17.737394,True,success,2
13.929914,8,17.740972,True,success,2
11.410383,8,17.744762,True,success,2
12.368342,26,17.754707,True,success,2
14.157199,9,17.758903,True,success,2
14.164486,11,17.764195,True,success,2
13.168389,20,17.772146,True,success,2
11.89916,4,17.774416,True,success,2
13.929914,8,17.778471,True,success,2
14.478258,11,17.783369,True,success,2
13.590313,9,17.787439,True,success,2
11.456392,14,17.793467,True,success,2
13.624509,10,17.798311,True,success,2
11.519841,19,17.806067,True,success,2
13.411334,8,17.810203,True,success,2
-1.935634,47,17.886856,False,stalled,2
11.836617,11,17.892312,True,success,2
-4.326165,40,17.90759,False,stalled,2
11.636937,9,17.911839,True,success,2
11.99394,15,17.918799,True,success,2
11.89916,4,17.921089,True,success,2
13.95841,15,17.927128,True,success,2
11.189658,52,17.946703,True,success,2
12.087976,6,17.949681,True,success,2
12.136077,7,17.953158,True,success,2
12.931254,11,17.957917,True,success,2
12.078582,7,17.962058,True,success,2
13.147887,8,17.965828,True,success,2
13.799252,22,17.974285,True,success,2
13.545478,12,17.980125,True,success,2
12.945484,12,17.985158,True,success,2
11.617056,4,17.987412,True,success,2
12.01327,6,17.990461,True,success,2
11.266473,6,17.993696,True,success,2
11.959608,4,18.05426,True,success,2
13.33761,37,18.06966,True,success,2
12.185057,9,18.073676,True,success,2
12.719105,6,18.07686,True,success,2
13.524981,7,18.080274,True,success,2
-1.136487,39,18.095377,False,stalled,2
12.755567,5,18.098756,True,success,2
14.032269,11,18.103544,True,success,2
13.781548,12,18.108484,True,success,2
13.636883,14,18.115345,True,success,2
12.311734,24,18.124926,True,success,2
13.929914,8,18.129474,True,success,2
13.660626,9,18.133607,True,success,2
11.837746,4,18.135866,True,success,2
13.940434,13,18.14133,True,success,2
13.331187,27,18.151568,True,success,2
13.362426,21,18.16023,True,success,2
13.16073,7,18.222542,True,success,2
13.83493,8,18.226233,True,success,2
13.629681,11,18.231126,True,success,2
13.669371,8,18.235286,True,success,2
11.612263,10,18.23953,True,success,2
13.570282,8,18.243385,True,success,2
13.663863,11,18.248245,True,success,2
12.169962,17,18.255,True,success,2
-2.285564,35,18.26829,False,stalled,2
12.660423,8,18.272128,True,success,2
12.532603,5,18.27498,True,success,2
11.998541,28,18.286117,True,success,2
11.799803,11,18.290889,True,success,2
-3.888501,44,18.308657,False,stalled,2
12.452914,15,18.315279,True,success,2
14.157199,9,18.319543,True,success,2
13.852256,11,18.324904,True,success,2
11.971549,17,18.390379,True,success,2
12.756794,46,18.407432,True,success,2
13.703766,11,18.412183,True,success,2
11.326465,37,18.426244,True,success,2
11.449623,9,18.43095,True,success,2
14.094869,10,18.435279,True,success,2
12.676574,8,18.439007,True,success,2
12.702439,10,18.443315,True,success,2
-5.187237,79,18.471359,False,stalled,2
13.43375,11,18.476757,True,success,2
-4.053512,52,18.561782,False,stalled,2
12.765685,21,18.571819,True,success,2
-3.353994,72,18.59884,False,stalled,2
12.783185,22,18.607799,True,success,2
12.573495,20,18.616196,True,success,2
12.629938,8,18.619968,True,success,2
11.873035,7,18.62319,True,success,2
12.755567,5,18.625957,True,success,2
-3.512424,44,18.642643,False,stalled,2
11.284093,6,18.64603,True,success,2
13.358937,18,18.653205,True,success,2
13.080565,11,18.658517,True,success,2
13.164017,8,18.720009,True,success,2
13.083474,8,18.72381,True,success,2
14.292104,10,18.728211,True,success,2
13.88173,12,18.733341,True,success,2
11.795641,16,18.73976,True,success,2
13.43652,24,18.749675,True,success,2
12.929045,7,18.752997,True,success,2
11.320698,6,18.756087,True,success,2
12.755567,5,18.758717,True,success,2
12.01327,6,18.761637,True,success,2
-4.106249,33,18.774146,False,stalled,2
13.021384,7,18.777738,True,success,2
11.337056,8,18.78191,True,success,2
13.826189,10,18.786388,True,success,2
13.300558,16,18.792829,True,success,2
13.96173,8,18.796952,True,success,2
11.797746,6,18.800075,True,success,2
13.31602,15,18.806264,True,success,2
12.864445,8,18.81028,True,success,2
-4.127344,36,18.823685,False,stalled,2
12.715567,7,18.827386,True,success,2
11.596937,11,18.890378,True,success,2
14.033464,12,18.895634,True,success,2
13.935265,11,18.900841,True,success,2
13.975447,11,18.906399,True,success,2
11.941974,11,18.911194,True,success,2
11.335713,16,18.918096,True,success,2
11.909893,5,18.920681,True,success,2
12.772654,18,18.927875,True,success,2
12.614967,12,18.933316,True,success,2
11.858386,6,18.936425,True,success,2
12.755567,5,18.939587,True,success,2
-1.221738,45,18.957769,False,stalled,2
12.063331,5,18.960682,True,success,2
13.204017,6,18.963635,True,success,2
12.999786,8,18.968594,True,success,2
13.692755,10,18.974032,True,success,2
12.787736,6,18.977566,True,success,2
13.319504,27,18.988,True,success,2
14.054869,12,18.993713,True,success,2
12.990013,26,19.061672,True,success,2
14.058567,14,19.068024,True,success,2
13.570282,8,19.071821,True,success,2
-2.908586,59,19.09327,False,stalled,2
-3.691378,37,19.107046,False,stalled,2
13.648851,7,19.110879,True,success,2
13.326602,13,19.116196,True,success,2
12.82,9,19.1205,True,success,2
12.067427,12,19.126235,True,success,2
13.100894,7,19.129821,True,success,2
-3.752258,68,19.155152,False,stalled,2
14.12126,20,19.222584,True,success,2
12.222873,10,19.226965,True,success,2
12.855857,6,19.230076,True,success,2
-5.007544,63,19.253835,False,stalled,2
-1.249098,45,19.27168,False,stalled,2
13.124909,7,19.275191,True,success,2
13.793721,15,19.281914,True,success,2
13.084791,7,19.285394,True,success,2
11.388528,3,19.287298,True,success,2
12.862296,19,19.294839,True,success,2
13.761747,12,19.299897,True,success,2
13.327496,15,19.306035,True,success,2
13.618839,20,19.314501,True,success,2
11.89916,4,19.316769,True,success,2
12.0046,12,19.32207,True,success,2
10.567078,50,19.398782,True,success,2
12.050339,13,19.404294,True,success,2
11.056787,75,19.432387,True,success,2
13.889914,10,19.436848,True,success,2
13.744686,16,19.443521,True,success,2
11.407818,3,19.446008,True,success,2
13.530282,10,19.450585,True,success,2
11.224093,9,19.45471,True,success,2
13.446021,20,19.463028,True,success,2
13.30353,11,19.467947,True,success,2
13.382684,9,19.472086,True,success,2
12.253418,6,19.47575,True,success,2
13.053419,17,19.482615,True,success,2
10.974174,60,19.562843,True,success,2
12.719105,6,19.56624,True,success,2
11.180383,17,19.573433,True,success,2
11.959608,4,19.575849,True,success,2
12.911728,30,19.587074,True,success,2
13.664923,11,19.591831,True,success,2
13.33993,18,19.599627,True,success,2
13.206838,11,19.604383,True,success,2
-4.414915,58,19.625815,False,stalled,2
12.605221,12,19.631542,True,success,2
13.805045,9,19.635477,True,success,2
13.201466,7,19.63887,True,success,2
13.595144,34,19.652899,True,success,2
12.919786,12,19.715101,True,success,2
13.530282,10,19.720031,True,success,2
12.769543,24,19.729296,True,success,2
13.570282,8,19.734182,True,success,2
13.826027,12,19.739411,True,success,2
12.646952,30,19.751215,True,success,2
13.124909,7,19.75449,True,success,2
13.839314,13,19.76002,True,success,2
12.414398,27,19.770611,True,success,2
11.947096,7,19.773972,True,success,2
12.569821,66,19.798491,True,success,2
13.795215,11,19.80324,True,success,2
13.280919,18,19.810653,True,success,2
11.147427,28,19.887666,True,success,2
13.65967,15,19.893843,True,success,2
-2.479041,46,19.913712,False,stalled,2
12.985755,6,19.917507,True,success,2
11.390383,9,19.921425,True,success,2
11.92433,13,19.926824,True,success,2
13.588218,19,19.934879,True,success,2
11.804506,5,19.937662,True,success,2
13.360436,11,19.942241,True,success,2
11.597056,5,19.945735,True,success,2
12.784445,12,19.950995,True,success,2
12.757963,9,19.955037,True,success,2
11.795843,4,19.957435,True,success,2
12.305356,33,19.971698,True,success,2
12.183562,4,19.974691,True,success,2
13.567314,14,19.981756,True,success,2
13.563454,17,19.990491,True,success,2
12.485394,16,19.997832,True,success,2
0.077644,100,20.091986,False,max_steps,2
12.532603,5,20.094982,True,success,2
13.445346,16,20.101532,True,success,2
-5.154801,30,20.113676,False,stalled,2
13.719157,13,20.119233,True,success,2
12.085843,5,20.12184,True,success,2
12.113562,5,20.124516,True,success,2
-1.097983,61,20.148302,False,stalled,2
11.80956,15,20.15458,True,success,2
12.928827,16,20.219272,True,success,2
13.498637,29,20.23026,True,success,2
14.134869,8,20.234052,True,success,2
14.134869,8,20.237769,True,success,2
11.011029,41,20.253685,True,success,2
13.410508,40,20.269154,True,success,2
12.680125,21,20.278004,True,success,2
13.47738,18,20.285211,True,success,2
12.383366,44,20.301925,True,success,2
-2.216551,54,20.380008,False,stalled,2
-5.1,30,20.392266,False,stalled,2
11.762403,4,20.394657,True,success,2
12.855857,6,20.397833,True,success,2
13.751957,10,20.403029,True,success,2
12.755567,5,20.405746,True,success,2
11.697156,13,20.411181,True,success,2
-3.889555,38,20.425383,False,stalled,2
13.014681,26,20.43602,True,success,2
12.933326,12,20.441234,True,success,2
13.929914,8,20.44535,True,success,2
12.787736,6,20.448445,True,success,2
11.701607,13,20.453839,True,success,2
11.795843,4,20.456086,True,success,2
11.388528,3,20.458159,True,success,2
13.556027,23,20.467125,True,success,2
13.397776,10,20.471483,True,success,2
11.284093,6,20.474451,True,success,2
11.407818,3,20.476989,True,success,2
14.084737,19,20.484592,True,success,2
13.046873,15,20.548863,True,success,2
13.667606,14,20.556074,True,success,2
13.72275,12,20.561144,True,success,2
13.938198,8,20.565042,True,success,2
12.400721,9,20.569751,True,success,2
-3.155738,34,20.582181,False,stalled,2
11.837746,4,20.585626,True,success,2
11.886893,34,20.599508,True,success,2
12.673497,45,20.617332,True,success,2
12.537326,17,20.623971,True,success,2
11.959608,4,20.626304,True,success,2
11.89916,4,20.629053,True,success,2
11.746148,12,20.634377,True,success,2
12.295529,22,20.642951,True,success,2
13.493662,28,20.711195,True,success,2
11.89916,4,20.713471,True,success,2
12.989565,6,20.716514,True,success,2
12.395567,23,20.725831,True,success,2
12.063331,5,20.72857,True,success,2
12.037427,11,20.73375,True,success,2
-1.487602,40,20.748699,False,stalled,2
14.03694,26,20.758765,True,success,2
-2.729132,41,20.774113,False,stalled,2
13.929914,8,20.778015,True,success,2
12.361079,5,20.781106,True,success,2
-2.688835,48,20.799176,False,stalled,2
-4.93453,52,20.875762,False,stalled,2
11.833518,7,20.879192,True,success,2
13.590313,9,20.883305,True,success,2
12.776991,13,20.889261,True,success,2
12.07394,11,20.893877,True,success,2
13.492697,15,20.900604,True,success,2
12.965731,10,20.905049,True,success,2
14.022245,11,20.909812,True,success,2
13.21643,10,20.914597,True,success,2
12.747736,8,20.918663,True,success,2
12.415111,51,20.938061,True,success,2
12.86096,29,20.949021,True,success,2
13.013558,8,20.952886,True,success,2
12.648427,9,20.956807,True,success,2
12.479248,6,20.960308,True,success,2
-2.821431,34,20.973008,False,stalled,2
13.468304,27,21.040097,True,success,2
-2.123002,38,21.054378,False,stalled,2
-0.483254,45,21.072236,False,stalled,2
-1.943756,41,21.087978,False,stalled,2
12.719105,6,21.091143,True,success,2
13.83493,8,21.094869,True,success,2
13.905966,7,21.098867,True,success,2
13.524981,7,21.102128,True,success,2
13.851465,18,21.109203,True,success,2
11.959608,4,21.111783,True,success,2
14.074869,11,21.116893,True,success,2
14.262096,8,21.120631,True,success,2
13.905966,7,21.123917,True,success,2
13.514568,25,21.134211,True,success,2
11.996362,9,21.138282,True,success,2
12.046201,5,21.140924,True,success,2
12.77851,24,21.21466,True,success,2
13.143548,10,21.219152,True,success,2
12.656669,21,21.228837,True,success,2
12.265608,5,21.2315,True,success,2
12.143562,6,21.234936,True,success,2
12.205608,8,21.238882,True,success,2
12.91312,8,21.242644,True,success,2
12.612876,7,21.246021,True,success,2
-2.266981,77,21.274351,False,stalled,2
12.224311,12,21.27981,True,success,2
13.772595,10,21.284286,True,success,2
12.690423,9,21.288212,True,success,2
12.728427,5,21.290821,True,success,2
13.113283,22,21.2996,True,success,2
-1.145706,42,21.373118,False,stalled,2
12.353363,26,21.383312,True,success,2
12.187427,6,21.386468,True,success,2
13.725593,16,21.392998,True,success,2
12.168383,4,21.395444,True,success,2
12.854905,7,21.398718,True,success,2
12.372164,25,21.40945,True,success,2
13.815077,12,21.414356,True,success,2
-1.847598,68,21.439308,False,stalled,2
13.804597,7,21.442678,True,success,2
13.810559,12,21.447984,True,success,2
13.608851,9,21.4521,True,success,2
11.529576,39,21.467396,True,success,2
12.183562,4,21.469653,True,success,2
13.812847,24,21.541342,True,success,2
11.407818,3,21.543342,True,success,2
14.210295,9,21.54728,True,success,2
13.072029,11,21.552464,True,success,2
12.899948,10,21.557714,True,success,2
12.183562,4,21.559989,True,success,2
12.13974,10,21.564468,True,success,2
13.175497,26,21.576329,True,success,2
-2.248785,41,21.592608,False,stalled,2
12.74225,7,21.596081,True,success,2
12.285376,6,21.599808,True,success,2
13.494674,12,21.605177,True,success,2
-1.537942,38,21.620351,False,stalled,2
-1.376205,46,21.638764,False,stalled,2
13.015878,7,21.642112,True,success,2
12.168383,4,21.64485,True,success,2
11.909893,5,21.648056,True,success,2
12.672663,10,21.711292,True,success,2
13.576239,14,21.717557,True,success,2
13.006993,9,21.722754,True,success,2
-2.875449,47,21.740682,False,stalled,2
12.168383,4,21.743437,True,success,2
14.085324,13,21.748814,True,success,2
12.340721,12,21.754557,True,success,2
13.723828,11,21.759756,True,success,2
13.955057,10,21.764354,True,success,2
11.304093,5,21.767298,True,success,2
13.100894,7,21.770975,True,success,2
13.250588,20,21.779232,True,success,2
14.051997,13,21.785536,True,success,2
12.074089,13,21.791105,True,success,2
11.928618,7,21.794637,True,success,2
11.74,3,21.797064,True,success,2
12.728427,5,21.799877,True,success,2
13.180268,37,21.814234,True,success,2
11.388528,3,21.816404,True,success,2
12.755567,5,21.819232,True,success,2
12.087852,5,21.822576,True,success,2
11.930966,6,21.82583,True,success,2
-2.792896,42,21.899792,False,stalled,2
11.751032,8,21.903949,True,success,2
11.407818,3,21.905886,True,success,2
12.688427,7,21.909247,True,success,2
11.959608,4,21.911528,True,success,2
13.356411,18,21.918677,True,success,2
12.644555,20,21.926378,True,success,2
13.95175,9,21.930595,True,success,2
12.068739,31,21.942004,True,success,2
12.158189,20,21.950445,True,success,2
11.187818,9,21.954486,True,success,2
-2.989466,36,21.967909,False,stalled,2
12.757963,9,21.972187,True,success,2
-3.121698,72,22.059222,False,stalled,2
12.532603,5,22.062121,True,success,2
13.929914,8,22.065722,True,success,2
-3.296215,68,22.092475,False,stalled,2
-1.720969,41,22.108019,False,stalled,2
11.817972,6,22.111267,True,success,2
13.500194,9,22.115891,True,success,2
14.036209,9,22.120484,True,success,2
13.204017,6,22.123419,True,success,2
12.262578,26,22.134331,True,success,2
13.709678,12,22.140397,True,success,2
12.920258,7,22.143862,True,success,2
12.636198,11,22.148764,True,success,2
13.519735,27,22.216068,True,success,2
13.247479,9,22.220671,True,success,2
11.348528,5,22.223477,True,success,2
13.124017,10,22.227754,True,success,2
13.859826,9,22.231843,True,success,2
11.848369,54,22.251728,True,success,2
-1.443933,36,22.266472,False,stalled,2
11.537056,8,22.270474,True,success,2
-4.20447,32,22.282913,False,stalled,2
11.959608,4,22.285666,True,success,2
12.825755,14,22.29179,True,success,2
13.845268,13,22.297448,True,success,2
13.42169,22,22.306664,True,success,2
13.524981,7,22.310179,True,success,2
-2.325482,37,22.383644,False,stalled,2
11.549623,4,22.38622,True,success,2
13.11616,8,22.390129,True,success,2
12.646569,43,22.407668,True,success,2
11.89916,4,22.410097,True,success,2
12.419949,39,22.42448,True,success,2
11.869893,7,22.427749,True,success,2
12.989565,6,22.431882,True,success,2
13.485164,13,22.437438,True,success,2
13.919412,21,22.447235,True,success,2
11.456844,51,22.466915,True,success,2
12.168383,4,22.469161,True,success,2
11.89916,4,22.4716,True,success,2
14.244447,12,22.477499,True,success,2
-1.776184,38,22.559588,False,stalled,2
13.903208,19,22.567658,True,success,2
13.25643,8,22.571766,True,success,2
-3.963565,35,22.58649,False,stalled,2
12.532603,5,22.589209,True,success,2
11.852726,9,22.593914,True,success,2
12.185608,9,22.598797,True,success,2
13.827813,30,22.611454,True,success,2
12.847537,17,22.618572,True,success,2
13.818912,10,22.622897,True,success,2
13.874352,11,22.627762,True,success,2
14.165584,9,22.631836,True,success,2
11.619893,12,22.63672,True,success,2
13.446838,21,22.646458,True,success,2
13.14616,9,22.650827,True,success,2
11.91842,22,22.660983,True,success,2
11.722351,7,22.664361,True,success,2
11.388528,3,22.666487,True,success,2
12.586645,5,22.669299,True,success,2
11.927436,6,22.732443,True,success,2
14.062104,19,22.740077,True,success,2
12.573319,11,22.745003,True,success,2
11.407818,3,22.747321,True,success,2
-2.13494,41,22.764209,False,stalled,2
13.826241,15,22.770745,True,success,2
13.577804,15,22.777792,True,success,2
13.18616,7,22.781308,True,success,2
11.368962,10,22.785814,True,success,2
-4.889544,30,22.797926,False,stalled,2
12.415438,34,22.812559,True,success,2
13.894442,10,22.816858,True,success,2
13.092973,11,22.821618,True,success,2
13.835215,9,22.825926,True,success,2
11.324093,4,22.828216,True,success,2
13.102156,7,22.831454,True,success,2
-3.301083,39,22.90611,False,stalled,2
11.947096,7,22.909915,True,success,2
11.683785,25,22.920523,True,success,2
13.901282,27,22.931156,True,success,2
-3.036087,65,22.955058,False,stalled,2
13.29996,23,22.965217,True,success,2
13.832717,11,22.971325,True,success,2
11.020638,98,23.068404,True,success,2
13.566669,8,23.073424,True,success,2
11.968268,11,23.07871,True,success,2
13.411201,7,23.081958,True,success,2
12.549463,14,23.088551,True,success,2
11.407818,3,23.090759,True,success,2
13.053558,6,23.093901,True,success,2
12.9,5,23.096583,True,success,2
11.327818,7,23.100672,True,success,2
13.503592,10,23.106468,True,success,2
12.196998,12,23.111898,True,success,2
-2.474617,60,23.136258,False,stalled,2
-0.941544,38,23.151373,False,stalled,2
13.007669,38,23.167006,True,success,2
11.514113,4,23.169546,True,success,2
11.360698,4,23.171769,True,success,2
13.734715,11,23.177017,True,success,2
12.718056,37,23.249869,True,success,2
11.959608,4,23.252456,True,success,2
13.648851,7,23.25571,True,success,2
14.262096,8,23.259474,True,success,2
12.373863,5,23.262056,True,success,2
-3.257331,48,23.279954,False,stalled,2
13.411334,8,23.284682,True,success,2
12.253418,6,23.287948,True,success,2
13.201466,7,23.291406,True,success,2
12.183562,4,23.293953,True,success,2
12.173418,10,23.299647,True,success,2
13.194212,22,23.308479,True,success,2
-3.495568,44,23.325754,False,stalled,2
11.266473,6,23.328976,True,success,2
-2.757545,47,23.405239,False,stalled,2
-3.902812,37,23.41993,False,stalled,2
13.542403,10,23.424614,True,success,2
14.134869,8,23.428183,True,success,2
13.905966,7,23.431888,True,success,2
14.036209,9,23.435842,True,success,2
12.053586,8,23.439622,True,success,2
13.624379,8,23.443169,True,success,2
14.294145,18,23.451528,True,success,2
13.929914,8,23.455412,True,success,2
13.379224,10,23.460191,True,success,2
11.807915,11,23.466397,True,success,2
13.617209,17,23.473501,True,success,2
-4.601845,40,23.488367,False,stalled,2
13.728746,9,23.492808,True,success,2
13.524981,7,23.496498,True,success,2
13.669681,9,23.500723,True,success,2
-3.391098,32,23.513292,False,stalled,2
11.244093,8,23.578697,True,success,2
-3.694805,84,23.611037,False,stalled,2
13.636796,14,23.617934,True,success,2
-2.535291,37,23.632859,False,stalled,2
12.21974,6,23.636235,True,success,2
12.594676,13,23.642292,True,success,2
12.902652,14,23.648279,True,success,2
11.889397,5,23.650872,True,success,2
11.388528,3,23.652848,True,success,2
-3.793222,40,23.668769,False,stalled,2
12.608427,11,23.674143,True,success,2
13.451261,17,23.682765,True,success,2
12.9,5,23.68612,True,success,2
12.943125,13,23.751084,True,success,2
11.20678,12,23.756188,True,success,2
13.582746,18,23.763209,True,success,2
13.025155,44,23.779617,True,success,2
14.058708,12,23.784999,True,success,2
11.879803,7,23.788268,True,success,2
12.813336,15,23.794549,True,success,2
13.912796,16,23.801937,True,success,2
13.091099,7,23.805361,True,success,2
-4.276167,32,23.817812,False,stalled,2
12.791364,7,23.821713,True,success,2
13.017848,20,23.830153,True,success,2
12.854905,7,23.833756,True,success,2
13.204017,6,23.836859,True,success,2
13.768667,14,23.843443,True,success,2
12.728427,5,23.846045,True,success,2
14.139152,9,23.850151,True,success,2
-2.260557,35,23.930652,False,stalled,2
13.824391,9,23.935851,True,success,2
13.784078,8,23.94007,True,success,2
12.865828,7,23.943555,True,success,2
12.865632,8,23.948688,True,success,2
13.932526,9,23.953904,True,success,2
11.407818,3,23.955824,True,success,2
-2.195793,60,23.986067,False,stalled,2
13.854488,28,23.999243,True,success,2
13.484981,9,24.003402,True,success,2
12.063331,5,24.006003,True,success,2
12.728427,5,24.009199,True,success,2
11.452256,6,24.012426,True,success,2
12.045348,25,24.022928,True,success,2
13.921058,16,24.030149,True,success,2
14.124477,13,24.035529,True,success,2
13.032611,26,24.0466,True,success,2
13.227547,13,24.111025,True,success,2
13.601163,10,24.115973,True,success,2
13.550313,11,24.121532,True,success,2
12.674566,12,24.126891,True,success,2
13.411201,7,24.130661,True,success,2
13.496189,14,24.13734,True,success,2
-3.75161,46,24.155399,False,stalled,2
-1.349408,41,24.171667,False,stalled,2
13.69023,10,24.177012,True,success,2
11.661234,9,24.181401,True,success,2
13.756095,8,24.185161,True,success,2
13.659754,8,24.189331,True,success,2
-2.094146,37,24.203876,False,stalled,2
11.742351,6,24.208359,True,success,2
10.894832,33,24.283227,True,success,2
-1.259375,41,24.299198,False,stalled,2
13.7407,11,24.303942,True,success,2
13.336708,40,24.31975,True,success,2
14.020505,9,24.324282,True,success,2
12.532603,5,24.327176,True,success,2
13.929914,8,24.330761,True,success,2
13.06275,7,24.334262,True,success,2
13.007281,8,24.33795,True,success,2
12.47518,15,24.344982,True,success,2
12.626023,8,24.349201,True,success,2
13.124909,7,24.35244,True,success,2
13.48027,8,24.356915,True,success,2
14.257172,16,24.364505,True,success,2
13.311859,22,24.373873,True,success,2
12.049557,12,24.37934,True,success,2
11.407818,3,24.381259,True,success,2
11.37847,8,24.385315,True,success,2
13.96173,8,24.390181,True,success,2
13.661875,9,24.394383,True,success,2
-2.615282,42,24.470716,False,stalled,2
13.880069,11,24.476413,True,success,2
12.183562,4,24.479044,True,success,2
12.586645,5,24.481668,True,success,2
13.689461,14,24.487442,True,success,2
13.184879,22,24.496462,True,success,2
-2.337356,44,24.512784,False,stalled,2
12.183562,4,24.515425,True,success,2
12.554078,18,24.522554,True,success,2
13.570479,25,24.532745,True,success,2
13.910624,8,24.536548,True,success,2
12.168383,4,24.539208,True,success,2
11.837746,4,24.542362,True,success,2
12.775525,13,24.547896,True,success,2
12.777056,6,24.551313,True,success,2
13.850406,16,24.559107,True,success,2
12.505727,25,24.627669,True,success,2
12.966339,12,24.633564,True,success,2
13.316496,21,24.642842,True,success,2
13.684268,12,24.648514,True,success,2
-2.168527,40,24.663725,False,stalled,2
11.407818,3,24.665785,True,success,2
11.817156,7,24.669605,True,success,2
13.96173,8,24.673346,True,success,2
-3.280027,34,24.687352,False,stalled,2
11.740318,5,24.690365,True,success,2
11.488363,12,24.696909,True,success,2
12.660119,12,24.702174,True,success,2
12.560105,9,24.706372,True,success,2
13.547219,12,24.712422,True,success,2
13.96173,8,24.716197,True,success,2
11.919803,5,24.71877,True,success,2
-2.951456,40,24.734851,False,stalled,2
11.805894,9,24.739755,True,success,2
13.121094,24,24.808909,True,success,2
14.092147,15,24.816097,True,success,2
11.809608,9,24.820389,True,success,2
12.147269,41,24.836584,True,success,2
13.122412,31,24.849908,True,success,2
-5.1,30,24.862317,False,stalled,2
12.479248,6,24.865488,True,success,2
12.755567,5,24.868332,True,success,2
12.659244,24,24.878546,True,success,2
12.27179,9,24.882627,True,success,2
-1.367543,39,24.897081,False,stalled,2
12.85846,9,24.901168,True,success,2
12.133126,5,24.90397,True,success,2
12.803366,13,24.96885,True,success,2
13.539617,10,24.973613,True,success,2
-2.720501,37,24.988068,False,stalled,2
11.712022,63,25.012549,True,success,2
-3.627882,33,25.025619,False,stalled,2
13.875778,17,25.033007,True,success,2
13.524981,7,25.036805,True,success,2
12.957307,16,25.043491,True,success,2
13.63744,10,25.047737,True,success,2
12.168383,4,25.050313,True,success,2
11.817135,4,25.052564,True,success,2
13.198758,18,25.060454,True,success,2
12.901384,13,25.065905,True,success,2
-4.145899,53,25.145309,False,stalled,2
13.2955,18,25.153682,True,success,2
12.937488,39,25.169535,True,success,2
12.682876,6,25.172486,True,success,2
13.445275,18,25.179777,True,success,2
12.407597,19,25.187312,True,success,2
-3.027959,36,25.200335,False,stalled,2
11.89916,4,25.202864,True,success,2
-1.968276,51,25.223238,False,stalled,2
12.265608,5,25.226055,True,success,2
11.751032,8,25.229807,True,success,2
14.162638,9,25.233747,True,success,2
12.361079,5,25.236489,True,success,2
13.029479,28,25.314702,True,success,2
13.846469,25,25.324778,True,success,2
12.865828,7,25.328875,True,success,2
13.051099,9,25.334308,True,success,2
13.390808,11,25.339577,True,success,2
12.133126,5,25.342368,True,success,2
13.634781,9,25.346474,True,success,2
12.780634,12,25.351547,True,success,2
11.892726,7,25.354935,True,success,2
-3.389537,69,25.382012,False,stalled,2
11.869698,5,25.384987,True,success,2
12.168383,4,25.387234,True,success,2
14.070354,9,25.39202,True,success,2
12.180976,16,25.399238,True,success,2
13.508177,15,25.405967,True,success,2
-2.745543,36,25.482191,False,stalled,2
13.540485,13,25.48789,True,success,2
12.1922,50,25.507092,True,success,2
13.10616,11,25.512507,True,success,2
12.941665,8,25.51645,True,success,2
12.816991,11,25.521213,True,success,2
-3.517115,34,25.535528,False,stalled,2
13.212372,29,25.548143,True,success,2
12.147287,5,25.550964,True,success,2
12.023331,7,25.554209,True,success,2
13.346498,21,25.562361,True,success,2
13.658501,8,25.566013,True,success,2
12.90428,21,25.574792,True,success,2
12.204079,19,25.582656,True,success,2
12.183562,4,25.585718,True,success,2
11.388528,3,25.587834,True,success,2
-3.022843,64,25.672494,False,stalled,2
11.762403,4,25.675177,True,success,2
12.728427,5,25.678401,True,success,2
12.000942,11,25.683267,True,success,2
-3.408487,39,25.69866,False,stalled,2
11.742782,7,25.702359,True,success,2
14.128195,8,25.706073,True,success,2
12.919786,12,25.712123,True,success,2
13.742445,7,25.715643,True,success,2
13.715759,13,25.72133,True,success,2
13.018528,9,25.726385,True,success,2
12.183562,4,25.72921,True,success,2
12.066374,7,25.733143,True,success,2
12.9,5,25.735916,True,success,2
13.100894,7,25.739835,True,success,2
13.812757,14,25.745763,True,success,2
14.165584,9,25.74965,True,success,2
12.123418,10,25.755018,True,success,2
12.133126,5,25.75794,True,success,2
12.714791,23,25.767708,True,success,2
12.682876,6,25.831343,True,success,2
12.147287,5,25.83435,True,success,2
12.479248,6,25.837479,True,success,2
11.837746,4,25.839729,True,success,2
14.128195,8,25.844581,True,success,2
13.849914,12,25.84977,True,success,2
13.36424,11,25.854523,True,success,2
13.350653,11,25.860144,True,success,2
11.762403,4,25.862559,True,success,2
12.005018,49,25.881742,True,success,2
12.184477,32,25.89482,True,success,2
12.864445,8,25.898922,True,success,2
12.132435,7,25.902898,True,success,2
13.624287,16,25.909266,True,success,2
11.807915,11,25.914012,True,success,2
12.777056,6,25.917593,True,success,2
12.715567,7,25.921383,True,success,2
12.778125,8,25.925574,True,success,2
11.680444,15,25.93207,True,success,2
11.97327,8,25.935893,True,success,2
13.500378,16,25.942673,True,success,2
12.569093,15,26.01052,True,success,2
12.987866,8,26.014322,True,success,2
12.691371,12,26.019348,True,success,2
12.104311,18,26.026713,True,success,2
-3.607639,33,26.039685,False,stalled,2
12.63247,13,26.045793,True,success,2
13.064508,8,26.049686,True,success,2
13.840297,13,26.055775,True,success,2
-4.20447,32,26.067154,False,stalled,2
11.594552,87,26.100124,True,success,2
14.128195,8,26.103723,True,success,2
12.945997,8,26.107682,True,success,2
12.570423,15,26.174668,True,success,2
12.867069,8,26.179845,True,success,2
11.008875,19,26.188383,True,success,2
13.882794,9,26.192656,True,success,2
12.985755,6,26.195803,True,success,2
12.517967,35,26.20916,True,success,2
13.723828,11,26.213963,True,success,2
13.432221,24,26.224936,True,success,2
13.049932,12,26.230086,True,success,2
-5.1,30,26.241544,False,stalled,2
12.238675,19,26.249902,True,success,2
12.598499,18,26.257464,True,success,2
13.697606,15,26.264081,True,success,2
11.993331,6,26.267211,True,success,2
11.392256,9,26.271288,True,success,2
13.202973,8,26.274989,True,success,2
12.473033,7,26.278945,True,success,2
-2.963844,36,26.351804,False,stalled,2
13.082678,9,26.356793,True,success,2
11.825145,24,26.366008,True,success,2
11.737156,11,26.371403,True,success,2
11.682403,8,26.375156,True,success,2
12.682876,6,26.378203,True,success,2
14.138918,15,26.384629,True,success,2
12.975878,9,26.388643,True,success,2
11.348667,23,26.397912,True,success,2
13.742445,7,26.401824,True,success,2
11.388528,3,26.40395,True,success,2
13.062156,9,26.407963,True,success,2
13.611261,9,26.412235,True,success,2
12.373863,5,26.414996,True,success,2
12.067082,13,26.420548,True,success,2
12.71925,7,26.42395,True,success,2
12.190609,7,26.427315,True,success,2
13.378837,7,26.431278,True,success,2
12.781907,14,26.437082,True,success,2
12.728427,5,26.439984,True,success,2
13.502369,10,26.444229,True,success,2
13.951545,10,26.449168,True,success,2
12.321079,7,26.452719,True,success,2
-4.437107,37,26.524304,False,stalled,2
13.021204,28,26.535119,True,success,2
12.50845,14,26.54108,True,success,2
13.023505,19,26.548829,True,success,2
13.744597,10,26.553792,True,success,2
12.09745,8,26.557718,True,success,2
13.924864,23,26.566539,True,success,2
12.356574,24,26.575871,True,success,2
-1.317564,57,26.597171,False,stalled,2
12.714748,9,26.601762,True,success,2
13.624379,8,26.605633,True,success,2
12.714078,10,26.609964,True,success,2
-2.550566,50,26.695916,False,stalled,2
13.406602,9,26.700096,True,success,2
12.076686,10,26.704596,True,success,2
14.05626,9,26.710169,True,success,2
13.637223,18,26.717419,True,success,2
-4.738783,64,26.741719,False,stalled,2
13.660626,9,26.746078,True,success,2
12.787736,6,26.748973,True,success,2
12.860157,11,26.754347,True,success,2
12.755567,5,26.757108,True,success,2
12.825399,9,26.7612,True,success,2
13.856922,17,26.768517,True,success,2
13.291351,19,26.776091,True,success,2
13.204017,6,26.779276,True,success,2
12.628342,13,26.785313,True,success,2
12.076796,18,26.792507,True,success,2
-3.668274,59,26.873893,False,stalled,2
13.78857,11,26.878985,True,success,2
13.717745,20,26.887353,True,success,2
-1.862636,47,26.905964,False,stalled,2
14.051238,20,26.913891,True,success,2
11.336921,9,26.918895,True,success,2
12.156077,6,26.92205,True,success,2
13.084791,7,26.92561,True,success,2
13.043366,11,26.930277,True,success,2
12.728427,5,26.933524,True,success,2
11.429623,10,26.938002,True,success,2
11.830669,30,26.950423,True,success,2
13.202973,8,26.954318,True,success,2
13.605585,13,26.959857,True,success,2
13.935962,15,27.026564,True,success,2
13.371652,9,27.03092,True,success,2
-2.746632,47,27.048991,False,stalled,2
14.011465,10,27.054464,True,success,2
13.662701,28,27.065523,True,success,2
13.749176,12,27.071428,True,success,2
13.561546,10,27.075786,True,success,2
11.716937,5,27.078532,True,success,2
12.952865,14,27.08444,True,success,2
12.948724,10,27.08868,True,success,2
13.69023,10,27.093134,True,success,2
-0.060477,100,27.190269,False,max_steps,2
-2.358692,92,27.224128,False,stalled,2
11.762403,4,27.226535,True,success,2
13.394056,10,27.230955,True,success,2
13.053558,6,27.233864,True,success,2
13.440436,16,27.241237,True,success,2
14.069781,10,27.24574,True,success,2
11.867619,14,27.252171,True,success,2
13.028487,7,27.255458,True,success,2
13.840069,13,27.261068,True,success,2
13.822096,10,27.26604,True,success,2
12.608612,13,27.271518,True,success,2
12.994134,27,27.282618,True,success,2
13.328404,8,27.286412,True,success,2
13.449479,15,27.292666,True,success,2
13.725537,8,27.359182,True,success,2
14.054309,17,27.36623,True,success,2
14.219033,11,27.371464,True,success,2
11.762403,4,27.373851,True,success,2
13.845708,10,27.378411,True,success,2
12.865632,8,27.382065,True,success,2
12.133126,5,27.384912,True,success,2
-2.311566,92,27.419449,False,stalled,2
12.728427,5,27.422202,True,success,2
13.204017,6,27.425283,True,success,2
-1.828108,38,27.439456,False,stalled,2
14.399122,14,27.445306,True,success,2
12.107287,7,27.449537,True,success,2
12.352629,35,27.463344,True,success,2
-3.638233,35,27.533274,False,stalled,2
12.667736,12,27.539414,True,success,2
13.087747,16,27.546489,True,success,2
14.165584,9,27.550617,True,success,2
13.044462,8,27.555174,True,success,2
12.782663,7,27.558759,True,success,2
12.361079,5,27.561349,True,success,2
11.594613,16,27.567995,True,success,2
12.506645,9,27.572463,True,success,2
12.569105,11,27.57737,True,success,2
11.514113,4,27.579772,True,success,2
14.031588,11,27.585286,True,success,2
13.317223,24,27.594385,True,success,2
13.332145,23,27.60385,True,success,2
12.609829,12,27.608998,True,success,2
14.058567,14,27.615018,True,success,2
12.820264,32,27.627411,True,success,2
13.141502,14,27.691786,True,success,2
11.597056,5,27.694801,True,success,2
12.11394,9,27.699004,True,success,2
13.201466,7,27.702435,True,success,2
12.373863,5,27.705671,True,success,2
14.008501,14,27.711466,True,success,2
11.873774,5,27.714115,True,success,2
-4.147841,32,27.725879,False,stalled,2
12.755842,31,27.738758,True,success,2
11.919803,5,27.741353,True,success,2
13.652595,16,27.74794,True,success,2
11.532279,6,27.751288,True,success,2
11.89916,4,27.753844,True,success,2
13.905966,7,27.757218,True,success,2
12.168383,4,27.759527,True,success,2
12.642876,8,27.763084,True,success,2
12.587,10,27.767673,True,success,2
13.384659,18,27.774933,True,success,2
12.093044,12,27.780074,True,success,2
13.380605,28,27.790754,True,success,2
13.547196,9,27.794841,True,success,2
12.825632,10,28.049161,True,success,2
13.70859,8,28.053083,True,success,2
11.959608,4,28.055315,True,success,2
14.244344,19,28.063664,True,success,2
11.407818,3,28.065656,True,success,2
12.376929,7,28.068879,True,success,2
11.54961,18,28.076179,True,success,2
11.758629,11,28.081076,True,success,2
11.74,3,28.083038,True,success,2
13.295254,18,28.090582,True,success,2
13.228785,29,28.102449,True,success,2
14.394113,10,28.106981,True,success,2
12.794795,28,28.118036,True,success,2
12.029406,26,28.127867,True,success,2
11.83386,12,28.133803,True,success,2
13.220186,10,28.138414,True,success,2
12.264089,6,28.141685,True,success,2
13.14616,9,28.14563,True,success,2
13.905966,7,28.149825,True,success,2
12.652465,21,28.220376,True,success,2
12.792081,7,28.224326,True,success,2
12.600967,20,28.232708,True,success,2
13.411201,7,28.236011,True,success,2
-2.796159,49,28.254623,False,stalled,2
13.099702,10,28.259214,True,success,2
12.752081,9,28.263124,True,success,2
13.905966,7,28.266572,True,success,2
-4.210508,72,28.29363,False,stalled,2
13.161152,19,28.302145,True,success,2
13.547196,9,28.306225,True,success,2
11.722403,6,28.309153,True,success,2
13.848613,11,28.314172,True,success,2
-3.286148,69,28.398211,False,stalled,2
12.373863,5,28.400972,True,success,2
12.830951,31,28.412931,True,success,2
13.145244,8,28.416528,True,success,2
11.901078,9,28.420951,True,success,2
13.536498,8,28.424709,True,success,2
13.804597,7,28.428026,True,success,2
12.118503,16,28.434755,True,success,2
12.133381,15,28.441245,True,success,2
-2.230616,62,28.464387,False,stalled,2
12.02386,5,28.467654,True,success,2
12.746079,19,28.47507,True,success,2
13.513182,14,28.481434,True,success,2
11.959608,4,28.483716,True,success,2
12.265608,5,28.486369,True,success,2
12.056077,11,28.549371,True,success,2
13.503039,16,28.556694,True,success,2
13.742445,7,28.560047,True,success,2
11.946919,12,28.565286,True,success,2
13.550813,9,28.569384,True,success,2
11.719681,5,28.572385,True,success,2
12.835069,7,28.575619,True,success,2
-1.145857,46,28.593238,False,stalled,2
13.891588,13,28.598816,True,success,2
13.831945,13,28.604481,True,success,2
12.989565,6,28.608106,True,success,2
13.06275,7,28.611619,True,success,2
11.388528,3,28.613554,True,success,2
12.436668,18,28.62134,True,success,2
12.604037,24,28.630654,True,success,2
12.682876,6,28.633822,True,success,2
14.100263,12,28.638788,True,success,2
11.656805,9,28.643384,True,success,2
12.985755,6,28.646586,True,success,2
11.679681,7,28.649889,True,success,2
12.122258,15,28.656012,True,success,2
13.004622,28,28.727361,True,success,2
11.549623,4,28.729836,True,success,2
12.532288,37,28.743962,True,success,2
12.727461,19,28.752334,True,success,2
-3.442409,68,28.776854,False,stalled,2
12.917181,14,28.783346,True,success,2
13.905966,7,28.7868,True,success,2
11.959608,4,28.789033,True,success,2
11.716937,5,28.791627,True,success,2
13.503721,22,28.801341,True,success,2
12.946966,13,28.806866,True,success,2
12.792081,7,28.810754,True,success,2
13.021384,7,28.814346,True,success,2
14.051465,8,28.817974,True,success,2
14.301992,10,28.822562,True,success,2
-4.196975,35,28.894825,False,stalled,2
12.265608,5,28.897832,True,success,2
13.74505,14,28.904375,True,success,2
12.265608,5,28.907043,True,success,2
13.905966,7,28.910491,True,success,2
13.472394,26,28.921311,True,success,2
12.783464,14,28.927258,True,success,2
-3.609008,34,28.940739,False,stalled,2
12.493033,6,28.943759,True,success,2
-2.866811,43,28.960404,False,stalled,2
12.052051,13,28.966316,True,success,2
13.647263,28,28.977763,True,success,2
13.608171,18,28.985316,True,success,2
13.044462,8,28.989341,True,success,2
12.899673,9,28.993885,True,success,2
14.262096,8,29.058069,True,success,2
11.174381,20,29.066448,True,success,2
14.042641,10,29.071438,True,success,2
-3.021971,35,29.085577,False,stalled,2
12.865632,8,29.08952,True,success,2
12.832574,36,29.104573,True,success,2
12.989586,13,29.110714,True,success,2
11.458949,31,29.123784,True,success,2
13.204017,6,29.127078,True,success,2
-1.943937,73,29.156868,False,stalled,2
-1.760343,35,29.232605,False,stalled,2
-3.061022,39,29.24829,False,stalled,2
12.509233,17,29.255832,True,success,2
12.183562,4,29.258298,True,success,2
11.49961,18,29.265528,True,success,2
13.726714,13,29.271459,True,success,2
13.780621,22,29.27987,True,success,2
12.087674,6,29.28337,True,success,2
13.596189,19,29.291257,True,success,2
13.483145,8,29.295166,True,success,2
11.762403,4,29.298032,True,success,2
11.959608,4,29.300474,True,success,2
11.724137,11,29.305046,True,success,2
11.756903,49,29.323035,True,success,2
12.615293,19,29.33149,True,success,2
13.900422,10,29.399931,True,success,2
-3.105405,68,29.426543,False,stalled,2
13.696001,10,29.430984,True,success,2
12.728427,5,29.434343,True,success,2
11.719681,5,29.436943,True,success,2
13.416149,14,29.443151,True,success,2
12.910354,40,29.459005,True,success,2
11.790885,19,29.467286,True,success,2
14.03675,12,29.472202,True,success,2
13.715094,14,29.478867,True,success,2
13.591213,11,29.484124,True,success,2
12.864445,8,29.488108,True,success,2
12.815596,41,29.504351,True,success,2
10.570043,65,29.591568,True,success,2
12.479248,6,29.594671,True,success,2
11.407818,3,29.596708,True,success,2
11.278053,19,29.60457,True,success,2
13.963854,14,29.610562,True,success,2
13.214881,40,29.62711,True,success,2
13.771112,16,29.634509,True,success,2
12.423611,28,29.645648,True,success,2
11.959608,4,29.648489,True,success,2
12.71932,17,29.655793,True,success,2
13.371652,9,29.659907,True,success,2
12.710392,7,29.664001,True,success,2
14.051719,10,29.668854,True,success,2
11.884247,92,29.763088,True,success,2
12.755567,5,29.765979,True,success,2
11.959608,4,29.768409,True,success,2
-2.011086,75,29.79655,False,stalled,2
13.750321,18,29.80407,True,success,2
13.588937,9,29.808332,True,success,2
14.246731,12,29.813627,True,success,2
-3.796645,58,29.835487,False,stalled,2
11.89916,4,29.837916,True,success,2
12.063331,5,29.899783,True,success,2
12.973424,30,29.91202,True,success,2
13.50297,12,29.916996,True,success,2
-3.092009,40,29.932212,False,stalled,2
12.991254,14,29.939191,True,success,2
11.617056,4,29.941535,True,success,2
14.041058,10,29.945953,True,success,2
12.265608,5,29.948824,True,success,2
14.089739,18,29.95616,True,success,2
12.755567,5,29.958793,True,success,2
12.087537,6,29.962029,True,success,2
12.836955,12,29.96802,True,success,2
13.583568,27,29.978275,True,success,2
13.90173,11,29.983377,True,success,2
13.941214,13,29.988975,True,success,2
-2.382263,40,30.004504,False,stalled,2
13.725537,8,30.008595,True,success,2
11.892726,7,30.071195,True,success,2
12.598159,19,30.078973,True,success,2
13.01844,18,30.086688,True,success,2
11.406861,30,30.098542,True,success,2
12.116686,13,30.104122,True,success,2
12.767485,8,30.107965,True,success,2
12.843464,11,30.112762,True,success,2
13.225457,15,30.120104,True,success,2
12.3752,31,30.131904,True,success,2
11.558453,14,30.137884,True,success,2
13.204017,6,30.140991,True,success,2
12.746991,12,30.146208,True,success,2
11.535393,17,30.153151,True,success,2
11.958038,7,30.156703,True,success,2
11.959608,4,30.158939,True,success,2
13.83493,8,30.163053,True,success,2
11.703438,7,30.166309,True,success,2
13.636411,9,30.170558,True,success,2
12.982151,10,30.174971,True,success,2
12.699351,23,30.245996,True,success,2
12.999786,8,30.249726,True,success,2
13.624431,33,30.262834,True,success,2
14.286678,10,30.267422,True,success,2
13.204017,6,30.270526,True,success,2
13.843084,25,30.280466,True,success,2
11.765981,14,30.286445,True,success,2
12.063331,5,30.289108,True,success,2
14.137577,10,30.293597,True,success,2
11.485117,16,30.300727,True,success,2
12.932225,10,30.305042,True,success,2
11.349623,14,30.311008,True,success,2
-3.734286,57,30.333079,False,stalled,2
13.704923,9,30.337519,True,success,2
13.234056,13,30.343122,True,success,2
12.204089,9,30.347226,True,success,2
12.983517,29,30.416885,True,success,2
13.905966,7,30.420731,True,success,2
12.677174,15,30.427574,True,success,2
13.812626,18,30.435201,True,success,2
-3.521603,79,30.465669,False,stalled,2
-1.034933,47,30.484639,False,stalled,2
12.772525,19,30.492469,True,success,2
13.128528,6,30.495723,True,success,2
13.791957,8,30.500048,True,success,2
13.643186,32,30.512961,True,success,2
14.144486,12,30.578024,True,success,2
12.056374,10,30.58234,True,success,2
12.214589,8,30.58609,True,success,2
12.936095,10,30.591726,True,success,2
11.473468,31,30.6039,True,success,2
11.959608,4,30.606773,True,success,2
13.083474,8,30.610326,True,success,2
13.282685,19,30.618161,True,success,2
-3.361528,49,30.636834,False,stalled,2
14.157199,9,30.641182,True,success,2
12.045047,8,30.644843,True,success,2
13.477307,14,30.651508,True,success,2
13.366297,14,30.6575,True,success,2
12.865632,8,30.661298,True,success,2
14.262096,8,30.665609,True,success,2
11.181798,11,30.670849,True,success,2
12.688883,8,30.674641,True,success,2
14.12633,12,30.68036,True,success,2
12.700546,17,30.753836,True,success,2
12.187427,6,30.757648,True,success,2
14.179033,13,30.76308,True,success,2
-2.2367,46,30.782143,False,stalled,2
13.659157,16,30.789807,True,success,2
12.532603,5,30.792593,True,success,2
13.480197,19,30.800547,True,success,2
10.765414,46,30.817762,True,success,2
11.777156,9,30.822,True,success,2
13.684095,11,30.826643,True,success,2
13.638137,18,30.834313,True,success,2
11.388528,3,30.836363,True,success,2
13.053558,6,30.839383,True,success,2
13.929914,8,30.843374,True,success,2
12.98082,7,30.846767,True,success,2
13.538067,9,30.851404,True,success,2
11.927436,6,30.854477,True,success,2
13.084617,27,30.924632,True,success,2
12.926892,14,30.930437,True,success,2
13.124909,7,30.933935,True,success,2
12.715567,7,30.938697,True,success,2
-2.685033,53,30.958349,False,stalled,2
13.304217,31,30.97209,True,success,2
11.422373,4,30.974714,True,success,2
13.826189,10,30.979052,True,success,2
12.424876,19,30.987082,True,success,2
12.87312,10,30.991377,True,success,2
12.708581,21,31.000522,True,success,2
12.728427,5,31.003325,True,success,2
14.002641,12,31.008454,True,success,2
13.164017,8,31.01264,True,success,2
14.139152,9,31.017209,True,success,2
11.108528,17,31.024033,True,success,2
12.668427,8,31.028729,True,success,2
14.262096,8,31.032559,True,success,2
13.810624,13,31.097705,True,success,2
13.152911,9,31.101908,True,success,2
11.959608,4,31.104636,True,success,2
14.139152,9,31.108793,True,success,2
14.295878,11,31.113576,True,success,2
13.452771,7,31.11691,True,success,2
11.947096,7,31.120601,True,success,2
13.504509,16,31.127077,True,success,2
11.719681,5,31.129774,True,success,2
-2.339531,35,31.144341,False,stalled,2
12.897487,40,31.160304,True,success,2
11.799803,11,31.165645,True,success,2
-2.667225,37,31.179355,False,stalled,2
11.462351,10,31.184128,True,success,2
11.927915,5,31.186709,True,success,2
12.199459,7,31.190181,True,success,2
14.299969,11,31.195359,True,success,2
11.967287,14,31.201132,True,success,2
12.047976,8,31.204926,True,success,2
11.987674,11,31.267639,True,success,2
12.249216,30,31.27966,True,success,2
12.078545,16,31.28648,True,success,2
13.084791,7,31.290162,True,success,2
13.844922,9,31.294327,True,success,2
13.751957,10,31.298624,True,success,2
13.331201,11,31.304203,True,success,2
11.549623,4,31.306622,True,success,2
11.886201,13,31.311923,True,success,2
11.549623,4,31.314324,True,success,2
11.959608,4,31.316901,True,success,2
12.922056,58,31.338609,True,success,2
11.992411,11,31.343502,True,success,2
12.855857,6,31.346842,True,success,2
13.742445,7,31.350699,True,success,2
13.575918,36,31.364201,True,success,2
12.728427,5,31.366775,True,success,2
14.069781,10,31.371236,True,success,2
13.781548,12,31.434088,True,success,2
13.509658,7,31.437791,True,success,2
12.676574,8,31.4423,True,success,2
13.850624,11,31.44719,True,success,2
13.711957,12,31.452329,True,success,2
12.038021,13,31.458187,True,success,2
13.988629,15,31.464267,True,success,2
13.938198,8,31.468353,True,success,2
13.220004,19,31.476101,True,success,2
13.032151,10,31.48049,True,success,2
13.743766,9,31.484921,True,success,2
13.271334,10,31.489382,True,success,2
13.905966,7,31.49266,True,success,2
10.382786,26,31.502611,True,success,2
13.776524,8,31.506238,True,success,2
13.523354,27,31.517082,True,success,2
11.893126,17,31.523913,True,success,2
-1.424984,44,31.540766,False,stalled,2
12.682876,6,31.602491,True,success,2
12.195608,6,31.606023,True,success,2
12.361079,5,31.609089,True,success,2
11.892726,7,31.612529,True,success,2
-3.734632,58,31.6334,False,stalled,2
12.728427,5,31.637071,True,success,2
13.893894,9,31.641295,True,success,2
12.235294,32,31.653526,True,success,2
11.647537,28,31.664295,True,success,2
14.057199,14,31.670846,True,success,2
13.879953,11,31.675587,True,success,2
12.770709,12,31.680465,True,success,2
11.304093,5,31.683913,True,success,2
13.882794,9,31.687846,True,success,2
11.97225,33,31.701223,True,success,2
12.865632,8,31.70501,True,success,2
-3.753966,62,31.791441,False,stalled,2
-2.989803,93,31.826592,False,stalled,2
-4.874193,70,31.853377,False,stalled,2
12.849744,13,31.859504,True,success,2
-2.970638,34,31.931507,False,stalled,2
12.908593,16,31.938011,True,success,2
12.934705,7,31.942297,True,success,2
13.006424,12,31.94789,True,success,2
11.736226,8,31.951442,True,success,2
12.905632,6,31.955425,True,success,2
13.388067,14,31.96168,True,success,2
11.74,3,31.963592,True,success,2
12.85402,41,31.979681,True,success,2
12.918025,11,31.984611,True,success,2
12.819948,14,31.990942,True,success,2
13.083474,8,31.994693,True,success,2
14.165584,9,31.998651,True,success,2
13.72857,14,32.005336,True,success,2
11.959608,4,32.007684,True,success,2
13.804597,7,32.011095,True,success,2
12.989565,6,32.014014,True,success,2
11.407818,3,32.016247,True,success,2
13.124909,7,32.019495,True,success,2
12.063331,5,32.022255,True,success,2
12.865744,12,32.027274,True,success,2
13.021384,7,32.031246,True,success,2
10.093319,43,32.111624,True,success,2
13.862794,10,32.116038,True,success,2
13.35602,13,32.121655,True,success,2
13.929914,8,32.126429,True,success,2
12.02386,5,32.129289,True,success,2
13.374056,11,32.134082,True,success,2
12.753599,13,32.139647,True,success,2
-3.544893,32,32.151477,False,stalled,2
12.728427,5,32.154939,True,success,2
11.74,3,32.156864,True,success,2
14.069781,10,32.161248,True,success,2
14.26096,11,32.165962,True,success,2
14.088152,13,32.17197,True,success,2
11.882626,20,32.179684,True,success,2
11.803021,9,32.184262,True,success,2
11.819642,9,32.188365,True,success,2
13.132811,21,32.196467,True,success,2
12.864445,8,32.200233,True,success,2
12.118021,9,32.204294,True,success,2
12.675567,9,32.208188,True,success,2
-1.193268,45,32.286007,False,stalled,2
12.063331,5,32.288777,True,success,2
12.989565,6,32.292273,True,success,2
13.091099,7,32.29577,True,success,2
13.803828,7,32.29902,True,success,2
12.630392,11,32.303939,True,success,2
13.905966,7,32.30791,True,success,2
14.262096,8,32.311943,True,success,2
13.578198,26,32.322424,True,success,2
14.165584,9,32.326371,True,success,2
13.219224,18,32.333452,True,success,2
-1.917942,67,32.357579,False,stalled,2
-3.697781,61,32.381393,False,stalled,2
13.804597,7,32.385368,True,success,2
13.624379,8,32.448807,True,success,2
12.781413,13,32.454687,True,success,2
12.264089,6,32.457708,True,success,2
13.411201,7,32.461513,True,success,2
12.991458,33,32.475747,True,success,2
14.06889,10,32.480117,True,success,2
12.168383,4,32.482416,True,success,2
12.985755,6,32.485337,True,success,2
-3.17289,65,32.509305,False,stalled,2
13.49732,26,32.520277,True,success,2
12.728427,5,32.523094,True,success,2
13.15713,29,32.534119,True,success,2
13.084791,7,32.53756,True,success,2
11.407818,3,32.539456,True,success,2
12.735857,12,32.544636,True,success,2
13.804597,7,32.548608,True,success,2
13.572697,11,32.554247,True,success,2
14.179033,13,32.617432,True,success,2
11.722403,6,32.620527,True,success,2
11.735086,13,32.627339,True,success,2
12.492911,37,32.641351,True,success,2
11.845047,18,32.648623,True,success,2
12.500941,29,32.660479,True,success,2
13.512213,40,32.676171,True,success,2
13.797923,20,32.683962,True,success,2
11.617056,4,32.68639,True,success,2
13.798015,9,32.690598,True,success,2
11.403912,19,32.698041,True,success,2
13.818047,14,32.704713,True,success,2
12.963957,12,32.709778,True,success,2
13.196428,28,32.72119,True,success,2
12.361079,5,32.783086,True,success,2
13.371201,9,32.787348,True,success,2
-2.740994,52,32.808286,False,stalled,2
12.799032,14,32.814445,True,success,2
11.662351,10,32.818686,True,success,2
12.02386,5,32.821428,True,success,2
12.997919,34,32.834168,True,success,2
13.714984,10,32.839352,True,success,2
13.23602,19,32.846859,True,success,2
12.962441,15,32.853593,True,success,2
10.744573,39,32.869197,True,success,2
12.616966,12,32.874438,True,success,2
13.580485,11,32.879572,True,success,2
12.895525,7,32.883256,True,success,2
14.31532,14,32.889135,True,success,2
12.854822,15,32.953025,True,success,2
13.584379,10,32.957976,True,success,2
13.301816,8,32.961737,True,success,2
13.798015,9,32.965636,True,success,2
14.050459,15,32.972232,True,success,2
-1.0271,39,32.988181,False,stalled,2
12.715567,7,32.991569,True,success,2
13.929914,8,32.995351,True,success,2
-1.805406,39,33.010409,False,stalled,2
11.907096,9,33.014496,True,success,2
13.167446,34,33.0277,True,success,2
13.258809,15,33.033988,True,success,2
13.369983,16,33.040815,True,success,2
12.150534,17,33.048103,True,success,2
13.788903,10,33.05266,True,success,2
12.988389,29,33.122118,True,success,2
12.865828,7,33.126427,True,success,2
11.407818,3,33.128574,True,success,2
11.447,51,33.147856,True,success,2
14.25518,13,33.153603,True,success,2
12.103562,8,33.157441,True,success,2
13.275523,12,33.162448,True,success,2
11.288528,8,33.166023,True,success,2
12.474078,22,33.175111,True,success,2
12.712564,8,33.178695,True,success,2
11.909893,5,33.181427,True,success,2
12.60496,14,33.187634,True,success,2
12.104106,6,33.191161,True,success,2
13.41906,23,33.201246,True,success,2
13.136015,42,33.216972,True,success,2
12.328064,38,33.288161,True,success,2
-1.717299,66,33.312526,False,stalled,2
12.027427,14,33.318383,True,success,2
12.990474,43,33.335855,True,success,2
13.751957,10,33.340324,True,success,2
13.527936,16,33.346919,True,success,2
12.085843,5,33.349828,True,success,2
12.183562,4,33.352877,True,success,2
13.954512,17,33.359794,True,success,2
11.758777,11,33.364893,True,success,2
11.967006,21,33.372959,True,success,2
13.688607,24,33.45064,True,success,2
13.96173,8,33.454614,True,success,2
13.62146,22,33.463373,True,success,2
11.932726,5,33.466039,True,success,2
13.804597,7,33.469633,True,success,2
12.987866,8,33.475163,True,success,2
13.002342,32,33.490604,True,success,2
12.989565,6,33.493563,True,success,2
13.835215,9,33.498013,True,success,2
13.199224,14,33.504435,True,success,2
11.857156,5,33.50703,True,success,2
12.981665,6,33.510163,True,success,2
13.804597,7,33.513422,True,success,2
12.728427,5,33.516559,True,success,2
11.783562,24,33.525772,True,success,2
-4.556812,76,33.554609,False,stalled,2
12.98082,7,33.558174,True,success,2
12.809872,11,33.563619,True,success,2
13.578839,22,33.630048,True,success,2
12.144477,34,33.643372,True,success,2
12.479248,6,33.646413,True,success,2
11.901186,6,33.649638,True,success,2
11.266473,6,33.652862,True,success,2
14.046842,13,33.658662,True,success,2
13.692755,10,33.663666,True,success,2
11.289623,17,33.670925,True,success,2
11.227818,12,33.676224,True,success,2
13.489008,25,33.686117,True,success,2
12.755567,5,33.688936,True,success,2
14.097561,12,33.694053,True,success,2
13.808966,19,33.702175,True,success,2
12.992629,28,33.713486,True,success,2
12.027263,8,33.717573,True,success,2
12.404812,43,33.794821,True,success,2
11.909893,5,33.797554,True,success,2
12.205057,8,33.801489,True,success,2
-2.611437,40,33.816984,False,stalled,2
12.865632,8,33.821709,True,success,2
11.959608,4,33.824042,True,success,2
11.86716,9,33.828125,True,success,2
11.837746,4,33.830401,True,success,2
12.339248,13,33.836225,True,success,2
13.53082,35,33.849267,True,success,2
12.026919,8,33.853297,True,success,2
13.105244,10,33.8579,True,success,2
12.586023,10,33.862451,True,success,2
12.106362,6,33.865385,True,success,2
12.187427,6,33.869482,True,success,2
-1.498537,36,33.882897,False,stalled,2
14.278777,12,33.888034,True,success,2
12.989565,6,33.891149,True,success,2
13.870624,10,33.895371,True,success,2
12.31179,7,33.899387,True,success,2
-4.078191,50,33.975719,False,stalled,2
-3.885226,41,33.992004,False,stalled,2
11.722403,6,33.995235,True,success,2
13.892256,9,33.999158,True,success,2
12.588201,10,34.004172,True,success,2
11.5489,21,34.012337,True,success,2
13.728171,12,34.017421,True,success,2
12.954975,7,34.020845,True,success,2
13.648851,7,34.024257,True,success,2
13.140718,13,34.029678,True,success,2
-1.407161,37,34.044216,False,stalled,2
13.217513,18,34.052521,True,success,2
12.766473,30,34.064262,True,success,2
13.204017,6,34.067333,True,success,2
12.790564,11,34.136109,True,success,2
12.459248,7,34.139531,True,success,2
-3.011004,33,34.153233,False,stalled,2
13.555508,28,34.164527,True,success,2
-2.807588,49,34.182763,False,stalled,2
14.126797,11,34.188212,True,success,2
13.61787,15,34.194479,True,success,2
12.905755,10,34.199007,True,success,2
13.733369,9,34.204051,True,success,2
13.5933,26,34.213792,True,success,2
13.829103,9,34.219298,True,success,2
13.669371,8,34.224585,True,success,2
11.762139,10,34.229775,True,success,2
13.870624,10,34.234658,True,success,2
13.956209,13,34.240402,True,success,2
13.704391,15,34.305806,True,success,2
13.777223,11,34.31126,True,success,2
11.927436,6,34.31444,True,success,2
11.954234,6,34.317409,True,success,2
13.5936,14,34.323806,True,success,2
12.999786,8,34.327599,True,success,2
13.372771,11,34.332306,True,success,2
12.087537,6,34.335436,True,success,2
-3.650929,33,34.348451,False,stalled,2
12.459248,7,34.351941,True,success,2
12.777056,6,34.355972,True,success,2
12.470564,27,34.366133,True,success,2
-1.128425,37,34.380195,False,stalled,2
12.085843,5,34.382868,True,success,2
13.509658,7,34.386742,True,success,2
13.128528,6,34.389667,True,success,2
12.728427,5,34.392404,True,success,2
14.06889,10,34.396735,True,success,2
13.637523,9,34.401442,True,success,2
12.719105,6,34.404536,True,success,2
12.250779,7,34.407839,True,success,2
13.570282,8,34.411622,True,success,2
12.532603,5,34.41471,True,success,2
11.026155,38,34.486893,True,success,2
12.481418,30,34.49877,True,success,2
13.745908,11,34.503512,True,success,2
-0.68521,47,34.521803,False,stalled,2
13.865966,9,34.526232,True,success,2
13.810559,12,34.531652,True,success,2
13.648851,7,34.535146,True,success,2
12.173863,15,34.541826,True,success,2
11.89916,4,34.54433,True,success,2
14.034917,10,34.548562,True,success,2
11.74,3,34.550802,True,success,2
14.06,7,34.554079,True,success,2
12.74225,7,34.55752,True,success,2
12.929045,7,34.560794,True,success,2
12.102534,6,34.56386,True,success,2
12.067287,9,34.568086,True,success,2
13.426872,10,34.572504,True,success,2
-3.43327,36,34.644343,False,stalled,2
12.695519,12,34.649668,True,success,2
12.41328,7,34.65299,True,success,2
13.664923,11,34.658242,True,success,2
13.30664,36,34.671504,True,success,2
13.119525,34,34.684647,True,success,2
-2.451974,35,34.697849,False,stalled,2
12.321079,7,34.701229,True,success,2
11.839731,14,34.707565,True,success,2
12.546023,12,34.712642,True,success,2
13.500485,15,34.719094,True,success,2
12.719105,6,34.722157,True,success,2
12.910264,8,34.725851,True,success,2
12.493033,6,34.728759,True,success,2
14.130295,13,34.734432,True,success,2
12.259248,17,34.741207,True,success,2
12.716817,31,34.819283,True,success,2
-2.199345,69,34.847259,False,stalled,2
11.407818,3,34.849772,True,success,2
12.989565,6,34.85281,True,success,2
13.410588,12,34.858336,True,success,2
13.759274,13,34.863867,True,success,2
12.087674,6,34.866837,True,success,2
12.265608,5,34.869585,True,success,2
11.407818,3,34.872263,True,success,2
12.805533,12,34.877631,True,success,2
13.910624,8,34.881257,True,success,2
11.388528,3,34.883277,True,success,2
12.755567,5,34.886409,True,success,2
12.047852,7,34.889733,True,success,2
11.930966,6,34.892781,True,success,2
-2.724899,43,34.908715,False,stalled,2
11.595843,14,34.914595,True,success,2
11.367818,5,34.917479,True,success,2
12.920258,7,34.920858,True,success,2
11.719681,5,34.923415,True,success,2
13.402772,24,34.992954,True,success,2
12.90073,20,35.001267,True,success,2
13.905966,7,35.004564,True,success,2
12.719105,6,35.007623,True,success,2
12.036077,12,35.012763,True,success,2
11.407818,3,35.014655,True,success,2
-2.739871,44,35.031514,False,stalled,2
12.89846,7,35.034857,True,success,2
13.212629,17,35.041957,True,success,2
12.168383,4,35.044444,True,success,2
13.80857,10,35.048703,True,success,2
-1.814037,43,35.065216,False,stalled,2
13.716714,16,35.072001,True,success,2
-3.632416,56,35.093194,False,stalled,2
13.379224,10,35.158007,True,success,2
13.711887,25,35.16833,True,success,2
13.204017,6,35.171279,True,success,2
13.131169,8,35.175707,True,success,2
13.411334,8,35.179744,True,success,2
12.787736,6,35.182895,True,success,2
13.023832,9,35.18679,True,success,2
13.422252,27,35.19717,True,success,2
13.200628,13,35.202446,True,success,2
11.514113,4,35.205065,True,success,2
12.949565,8,35.209223,True,success,2
13.811545,17,35.215943,True,success,2
12.755567,5,35.218655,True,success,2
-1.216107,38,35.232726,False,stalled,2
11.407818,3,35.234861,True,success,2
13.721261,14,35.241738,True,success,2
11.959608,4,35.244095,True,success,2
12.729884,19,35.253186,True,success,2
13.951545,10,35.257535,True,success,2
13.987973,13,35.262924,True,success,2
13.411334,8,35.267209,True,success,2
-1.600987,36,35.338598,False,stalled,2
11.509623,6,35.342485,True,success,2
13.084791,7,35.345808,True,success,2
13.705384,13,35.351293,True,success,2
11.81916,8,35.35496,True,success,2
-2.068765,42,35.370808,False,stalled,2
11.927915,5,35.373661,True,success,2
-2.272799,35,35.386586,False,stalled,2
13.611261,9,35.39095,True,success,2
14.478258,11,35.395589,True,success,2
13.524981,7,35.399128,True,success,2
12.41328,7,35.40271,True,success,2
12.063331,5,35.405854,True,success,2
14.284447,10,35.410088,True,success,2
-0.942572,38,35.424516,False,stalled,2
13.862794,10,35.429027,True,success,2
13.084791,7,35.432615,True,success,2
12.954822,10,35.494256,True,success,2
12.11356,9,35.498503,True,success,2
11.89916,4,35.500801,True,success,2
12.21974,6,35.503894,True,success,2
14.279339,22,35.512576,True,success,2
12.929045,7,35.515989,True,success,2
13.764935,10,35.52024,True,success,2
14.071719,9,35.524354,True,success,2
13.791282,20,35.532507,True,success,2
11.588667,11,35.537285,True,success,2
13.317308,11,35.5425,True,success,2
-2.06725,35,35.555834,False,stalled,2
12.265608,5,35.558824,True,success,2
11.327818,7,35.562092,True,success,2
11.449623,9,35.566211,True,success,2
12.361079,5,35.568901,True,success,2
11.837746,4,35.571626,True,success,2
14.045584,15,35.577637,True,success,2
13.003474,12,35.582644,True,success,2
11.617056,4,35.585067,True,success,2
-1.69447,60,35.665229,False,stalled,2
13.602306,16,35.671761,True,success,2
13.648851,7,35.675196,True,success,2
13.378837,7,35.679498,True,success,2
11.676937,7,35.683157,True,success,2
12.327461,19,35.690763,True,success,2
12.705307,19,35.699042,True,success,2
13.966489,9,35.703091,True,success,2
13.014791,8,35.70698,True,success,2
-3.22264,35,35.720492,False,stalled,2
11.449623,9,35.725271,True,success,2
12.859673,11,35.729873,True,success,2
-3.16106,36,35.743405,False,stalled,2
12.183562,4,35.746041,True,success,2
-4.121845,33,35.758689,False,stalled,2
13.828717,19,35.825028,True,success,2
14.171086,27,35.836056,True,success,2
13.788246,13,35.841453,True,success,2
13.325854,15,35.848591,True,success,2
12.636135,13,35.854518,True,success,2
13.469658,9,35.859274,True,success,2
12.087537,6,35.862299,True,success,2
12.840346,15,35.868448,True,success,2
12.78318,8,35.872263,True,success,2
11.716937,5,35.874924,True,success,2
12.654432,24,35.884134,True,success,2
12.9,5,35.886714,True,success,2
11.367818,5,35.889904,True,success,2
13.459706,11,35.894698,True,success,2
11.867366,16,35.901154,True,success,2
12.506616,18,35.908866,True,success,2
13.285164,13,35.914276,True,success,2
-5.272467,30,35.925786,False,stalled,2
11.388528,3,35.927829,True,success,2
11.74,3,35.929729,True,success,2
13.088799,25,35.998947,True,success,2
-1.365128,39,36.013708,False,stalled,2
11.436566,23,36.02299,True,success,2
14.143725,10,36.027437,True,success,2
13.692479,25,36.037129,True,success,2
12.264089,6,36.040249,True,success,2
12.308792,42,36.056426,True,success,2
13.411334,8,36.06024,True,success,2
12.265608,5,36.062892,True,success,2
-2.407638,43,36.078692,False,stalled,2
11.959608,4,36.081086,True,success,2
12.050701,7,36.084406,True,success,2
13.489,8,36.088406,True,success,2
-2.231432,43,36.169078,False,stalled,2
11.434113,8,36.172842,True,success,2
-3.073219,56,36.195434,False,stalled,2
13.746017,16,36.202341,True,success,2
13.938198,8,36.206101,True,success,2
14.162638,9,36.210787,True,success,2
13.725537,8,36.214428,True,success,2
13.929914,8,36.218225,True,success,2
12.168383,4,36.220474,True,success,2
13.829103,9,36.224726,True,success,2
13.987442,12,36.22961,True,success,2
14.139152,9,36.233785,True,success,2
13.406602,9,36.237874,True,success,2
11.959608,4,36.240817,True,success,2
13.849053,14,36.247233,True,success,2
-4.271853,45,36.26418,False,stalled,2
13.706236,10,36.268674,True,success,2
13.164893,28,36.339452,True,success,2
13.374056,11,36.34446,True,success,2
13.252723,35,36.357873,True,success,2
11.328528,6,36.361135,True,success,2
-3.674309,58,36.38279,False,stalled,2
14.054858,13,36.388321,True,success,2
12.648427,9,36.392848,True,success,2
12.439248,8,36.396757,True,success,2
13.201466,7,36.40015,True,success,2
13.262373,7,36.403357,True,success,2
11.959608,4,36.405775,True,success,2
10.99593,23,36.415438,True,success,2
-2.991559,47,36.433125,False,stalled,2
12.755567,5,36.435823,True,success,2
13.709103,15,36.49997,True,success,2
12.9,5,36.503011,True,success,2
12.98082,7,36.506258,True,success,2
11.557056,7,36.509671,True,success,2
-0.973325,38,36.523836,False,stalled,2
13.614207,41,36.539586,True,success,2
14.09518,21,36.548907,True,success,2
-2.340152,34,36.562888,False,stalled,2
12.816677,17,36.569767,True,success,2
-1.34634,41,36.585824,False,stalled,2
13.378837,7,36.589179,True,success,2
12.419248,9,36.59401,True,success,2
12.784354,7,36.597253,True,success,2
12.999786,8,36.601004,True,success,2
12.854905,7,36.661849,True,success,2
13.410245,9,36.666236,True,success,2
13.936008,21,36.674334,True,success,2
12.728427,5,36.677065,True,success,2
13.910624,8,36.680651,True,success,2
14.139152,9,36.684924,True,success,2
13.725537,8,36.68852,True,success,2
13.784078,8,36.692264,True,success,2
12.755567,5,36.694863,True,success,2
12.728427,5,36.697718,True,success,2
13.519682,14,36.703493,True,success,2
11.327818,7,36.706732,True,success,2
-1.894946,52,36.726309,False,stalled,2
13.843796,28,36.736961,True,success,2
13.481546,14,36.743022,True,success,2
12.08394,8,36.746819,True,success,2
12.728427,5,36.74942,True,success,2
11.347818,6,36.752513,True,success,2
12.218582,5,36.755121,True,success,2
13.929914,8,36.759521,True,success,2
13.388222,66,36.843971,True,success,2
12.661062,41,36.859895,True,success,2
13.775759,10,36.864868,True,success,2
13.411334,8,36.868743,True,success,2
13.460194,11,36.873474,True,success,2
12.589463,12,36.878973,True,success,2
13.18616,7,36.882578,True,success,2
12.12857,34,36.895034,True,success,2
-1.991921,53,36.91437,False,stalled,2
13.119221,28,36.925949,True,success,2
13.352611,10,36.930343,True,success,2
12.183562,4,36.932783,True,success,2
13.087286,33,37.003959,True,success,2
13.648851,7,37.00738,True,success,2
13.640353,20,37.015274,True,success,2
11.74,3,37.017304,True,success,2
-3.532616,32,37.028916,False,stalled,2
-1.587379,39,37.043549,False,stalled,2
-1.21835,47,37.061733,False,stalled,2
13.690924,11,37.066676,True,success,2
13.859826,9,37.070605,True,success,2
12.253418,6,37.073762,True,success,2
14.036209,9,37.079006,True,success,2
13.053558,6,37.081933,True,success,2
12.754566,8,37.085712,True,success,2
12.801521,9,37.089609,True,success,2
12.905632,6,37.09318,True,success,2
12.728427,5,37.095768,True,success,2
13.669681,9,37.157242,True,success,2
14.093911,13,37.162767,True,success,2
-0.160797,42,37.178914,False,stalled,2
11.858647,17,37.186355,True,success,2
11.324093,4,37.188595,True,success,2
11.557056,7,37.192095,True,success,2
13.929914,8,37.195635,True,success,2
13.109406,18,37.203422,True,success,2
-2.208451,58,37.2243,False,stalled,2
14.086162,23,37.233806,True,success,2
11.762403,4,37.236032,True,success,2
12.586645,5,37.238764,True,success,2
12.899729,34,37.251393,True,success,2
13.490588,8,37.255136,True,success,2
13.046971,12,37.260657,True,success,2
11.959608,4,37.320169,True,success,2
13.073126,14,37.325997,True,success,2
13.887527,22,37.334917,True,success,2
14.071719,9,37.33897,True,success,2
12.102411,8,37.342732,True,success,2
11.781186,12,37.347994,True,success,2
12.728427,5,37.350852,True,success,2
12.576955,25,37.360286,True,success,2
13.804597,7,37.363837,True,success,2
12.722441,7,37.367121,True,success,2
12.714078,10,37.371566,True,success,2
13.058341,20,37.379911,True,success,2
13.791957,8,37.383659,True,success,2
-1.583645,48,37.401209,False,stalled,2
11.74,3,37.403243,True,success,2
11.682403,8,37.40697,True,success,2
14.313066,9,37.41192,True,success,2
-3.332356,55,37.496148,False,stalled,2
11.613926,11,37.50157,True,success,2
11.388528,3,37.503577,True,success,2
12.777934,10,37.507827,True,success,2
12.557084,15,37.514484,True,success,2
13.489,8,37.519863,True,success,2
13.96173,8,37.523985,True,success,2
12.183562,4,37.526325,True,success,2
-4.006724,61,37.549707,False,stalled,2
11.770966,14,37.555643,True,success,2
13.096817,58,37.577337,True,success,2
13.790411,24,37.586537,True,success,2
12.183562,4,37.589435,True,success,2
13.92889,12,37.595141,True,success,2
14.011465,10,37.658273,True,success,2
13.837062,14,37.664207,True,success,2
12.136374,6,37.667292,True,success,2
12.755567,5,37.670056,True,success,2
13.18616,7,37.673321,True,success,2
12.318963,6,37.676392,True,success,2
13.591649,12,37.681586,True,success,2
12.79,8,37.685301,True,success,2
12.168383,4,37.687559,True,success,2
12.979232,11,37.692284,True,success,2
13.210042,21,37.700681,True,success,2
12.728427,5,37.703477,True,success,2
-1.010085,51,37.722422,False,stalled,2
-3.67041,32,37.735282,False,stalled,2
13.806189,11,37.740166,True,success,2
13.443828,25,37.750556,True,success,2
13.262373,7,37.753996,True,success,2
13.450588,10,37.759034,True,success,2
12.532603,5,37.761651,True,success,2
-3.099886,33,37.832686,False,stalled,2
13.594295,12,37.838581,True,success,2
12.776604,37,37.853124,True,success,2
12.019829,44,37.869982,True,success,2
13.742445,7,37.873272,True,success,2
-2.245871,36,37.886492,False,stalled,2
12.9,5,37.889228,True,success,2
13.142834,34,37.902258,True,success,2
12.688427,7,37.905669,True,success,2
13.595384,21,37.914049,True,success,2
11.795843,4,37.916409,True,success,2
-2.576413,51,37.992583,False,stalled,2
12.253418,6,37.995821,True,success,2
11.959608,4,37.998132,True,success,2
13.89173,9,38.00263,True,success,2
12.586645,5,38.005219,True,success,2
13.384088,32,38.017919,True,success,2
14.122638,11,38.0227,True,success,2
12.901665,10,38.026977,True,success,2
13.091099,7,38.030962,True,success,2
12.912986,10,38.035322,True,success,2
12.053126,9,38.039392,True,success,2
13.493364,20,38.047546,True,success,2
13.430808,9,38.05169,True,success,2
12.183562,4,38.053935,True,success,2
12.203491,40,38.069551,True,success,2
11.730966,16,38.076818,True,success,2
12.168383,4,38.079236,True,success,2
14.210295,9,38.083138,True,success,2
11.855769,21,38.09175,True,success,2
13.577088,16,38.156686,True,success,2
-2.242327,46,38.174172,False,stalled,2
13.3406,26,38.184417,True,success,2
12.98082,7,38.187629,True,success,2
12.915124,18,38.194674,True,success,2
12.855857,6,38.198287,True,success,2
12.86,7,38.201574,True,success,2
12.102869,18,38.20865,True,success,2
13.502486,20,38.217312,True,success,2
12.440721,7,38.220672,True,success,2
11.749893,13,38.226126,True,success,2
13.571424,10,38.231213,True,success,2
13.905966,7,38.234579,True,success,2
13.692526,21,38.24326,True,success,2
-2.849149,34,38.255947,False,stalled,2
11.89916,4,38.259091,True,success,2
11.224093,9,38.320152,True,success,2
-2.737259,54,38.342743,False,stalled,2
11.217931,36,38.357559,True,success,2
12.679105,8,38.361234,True,success,2
12.183562,4,38.364357,True,success,2
-2.57868,54,38.385056,False,stalled,2
11.766692,6,38.388189,True,success,2
13.648851,7,38.391557,True,success,2
13.190245,20,38.400401,True,success,2
13.574674,8,38.404019,True,success,2
13.624379,8,38.408337,True,success,2
13.124045,8,38.412293,True,success,2
12.046201,5,38.414884,True,success,2
12.245826,8,38.418558,True,success,2
12.9,5,38.421252,True,success,2
13.371201,9,38.42601,True,success,2
13.661875,9,38.429931,True,success,2
14.166797,9,38.491198,True,success,2
12.399248,10,38.495721,True,success,2
12.187427,6,38.498965,True,success,2
13.111944,15,38.505137,True,success,2
12.9,5,38.507713,True,success,2
12.361079,5,38.510454,True,success,2
12.147287,5,38.513044,True,success,2
11.837746,4,38.515471,True,success,2
13.83493,8,38.519122,True,success,2
14.262096,8,38.522849,True,success,2
13.624379,8,38.526442,True,success,2
13.249753,10,38.531077,True,success,2
-2.570739,47,38.548878,False,stalled,2
13.371201,9,38.553048,True,success,2
12.602954,13,38.558589,True,success,2
12.989604,17,38.565837,True,success,2
11.58386,27,38.576569,True,success,2
13.695626,16,38.582992,True,success,2
11.869893,7,38.586411,True,success,2
12.777056,6,38.5894,True,success,2
-2.362849,45,38.662711,False,stalled,2
12.820967,14,38.669919,True,success,2
12.02386,5,38.67256,True,success,2
12.046201,5,38.675218,True,success,2
13.574674,8,38.678927,True,success,2
12.985755,6,38.682037,True,success,2
12.929926,10,38.686452,True,success,2
12.895525,7,38.689931,True,success,2
12.005843,9,38.693868,True,success,2
11.790577,47,38.711913,True,success,2
12.667736,12,38.717272,True,success,2
12.9,5,38.719863,True,success,2
13.725537,8,38.723508,True,success,2
13.720755,17,38.73035,True,success,2
-1.536432,78,38.759384,False,stalled,2
13.648851,7,38.826922,True,success,2
12.91082,8,38.830712,True,success,2
12.519829,19,38.838741,True,success,2
12.363829,36,38.854165,True,success,2
11.509623,6,38.857343,True,success,2
13.929914,8,38.861076,True,success,2
12.668427,8,38.865479,True,success,2
-3.976797,33,38.877546,False,stalled,2
13.452771,7,38.881139,True,success,2
13.405537,14,38.886861,True,success,2
12.77847,8,38.890556,True,success,2
-5.1,30,38.902552,False,stalled,2
12.204095,7,38.906115,True,success,2
12.67925,9,38.910263,True,success,2
13.479148,28,38.92083,True,success,2
12.154171,7,38.924721,True,success,2
11.407818,3,38.927111,True,success,2
13.18616,7,38.930466,True,success,2
12.048217,26,39.000544,True,success,2
13.064056,24,39.009924,True,success,2
11.719673,32,39.021788,True,success,2
11.86208,16,39.028196,True,success,2
11.987096,5,39.031226,True,success,2
11.85916,6,39.034176,True,success,2
12.787736,6,39.037324,True,success,2
14.133218,14,39.042917,True,success,2
12.9,5,39.045995,True,success,2
11.756072,11,39.050786,True,success,2
13.419224,8,39.054389,True,success,2
11.308528,7,39.057782,True,success,2
12.839565,11,39.062698,True,success,2
13.624379,8,39.066425,True,success,2
12.147427,8,39.070017,True,success,2
12.532603,5,39.072781,True,success,2
12.789149,10,39.077718,True,success,2
12.085843,5,39.080547,True,success,2
13.204017,6,39.083472,True,success,2
13.111254,8,39.087229,True,success,2
12.728427,5,39.089809,True,success,2
12.969938,19,39.098092,True,success,2
13.691953,16,39.104519,True,success,2
12.07332,10,39.167429,True,success,2
-2.456083,42,39.183441,False,stalled,2
12.524312,41,39.199894,True,success,2
12.86,7,39.203308,True,success,2
13.156536,30,39.214972,True,success,2
13.905966,7,39.218438,True,success,2
11.599999,10,39.222692,True,success,2
14.084778,17,39.230162,True,success,2
13.201466,7,39.233754,True,success,2
-1.187182,36,39.248922,False,stalled,2
13.058459,10,39.253492,True,success,2
13.490588,8,39.257069,True,success,2
12.561099,26,39.267192,True,success,2
13.318516,12,39.272087,True,success,2
13.829103,9,39.334144,True,success,2
12.153418,11,39.339793,True,success,2
14.054375,11,39.344573,True,success,2
14.186008,11,39.349399,True,success,2
-3.082368,47,39.367531,False,stalled,2
-2.068917,54,39.38763,False,stalled,2
12.665184,15,39.39399,True,success,2
12.583529,20,39.403496,True,success,2
12.728427,5,39.406286,True,success,2
12.438751,29,39.417735,True,success,2
14.004208,12,39.422787,True,success,2
13.742445,7,39.42691,True,success,2
12.888487,14,39.43269,True,success,2
12.97587,8,39.436278,True,success,2
12.096077,9,39.501304,True,success,2
-2.979225,70,39.526753,False,stalled,2
-1.87952,59,39.549166,False,stalled,2
13.157657,20,39.557041,True,success,2
-2.76667,39,39.571968,False,stalled,2
14.045447,10,39.576937,True,success,2
11.407818,3,39.579191,True,success,2
12.156077,6,39.582216,True,success,2
13.024791,10,39.586738,True,success,2
13.083366,9,39.591078,True,success,2
12.70768,9,39.595644,True,success,2
11.218528,9,39.599825,True,success,2
12.78318,8,39.603491,True,success,2
12.98275,11,39.666218,True,success,2
13.966489,9,39.670827,True,success,2
14.070354,9,39.674738,True,success,2
13.829103,9,39.679001,True,success,2
11.916834,14,39.685309,True,success,2
13.684597,13,39.690807,True,success,2
13.829914,13,39.696114,True,success,2
13.701591,11,39.701672,True,success,2
13.713089,8,39.705471,True,success,2
11.407818,3,39.707383,True,success,2
12.934432,10,39.712001,True,success,2
12.916588,12,39.71699,True,success,2
-1.695497,37,39.730648,False,stalled,2
13.199729,19,39.738209,True,success,2
-1.774326,42,39.753836,False,stalled,2
11.49916,24,39.764033,True,success,2
13.835215,9,39.768342,True,success,2
13.262373,7,39.834748,True,success,2
13.0932,27,39.845546,True,success,2
14.2838,19,39.85427,True,success,2
11.837746,4,39.85684,True,success,2
12.926249,7,39.860902,True,success,2
13.724922,15,39.868436,True,success,2
13.881856,10,39.874922,True,success,2
12.748632,18,39.882792,True,success,2
13.367293,25,39.894844,True,success,2
13.14616,9,39.899767,True,success,2
13.547387,13,39.905308,True,success,2
14.008966,9,39.90939,True,success,2
-1.926821,39,39.924814,False,stalled,2
13.654869,32,39.937923,True,success,2
12.183562,4,39.940922,True,success,2
13.738839,14,39.947792,True,success,2
13.124909,7,39.95111,True,success,2
12.373863,5,40.015659,True,success,2
13.857195,19,40.024024,True,success,2
12.728427,5,40.027018,True,success,2
12.929045,7,40.032298,True,success,2
-1.794081,45,40.060033,False,stalled,2
-1.705558,53,40.090753,False,stalled,2
12.195608,6,40.095958,True,success,2
13.829103,9,40.102331,True,success,2
-3.447127,64,40.134765,False,stalled,2
-3.56089,35,40.1527,False,stalled,2
13.796717,11,40.243646,True,success,2
14.299969,11,40.248758,True,success,2
13.179042,17,40.256671,True,success,2
12.887281,14,40.264231,True,success,2
12.265608,5,40.268283,True,success,2
11.836072,7,40.272275,True,success,2
12.136374,6,40.277138,True,success,2
12.855857,6,40.281823,True,success,2
11.407818,3,40.284906,True,success,2
13.636411,9,40.291162,True,success,2
14.150654,12,40.297696,True,success,2
13.664932,20,40.312496,True,success,2
12.747736,8,40.317813,True,success,2
14.069781,10,40.32396,True,success,2
13.614619,16,40.332426,True,success,2
13.130245,23,40.344787,True,success,2
11.388528,3,40.348111,True,success,2
11.893596,9,40.354352,True,success,2
12.728427,5,40.35843,True,success,2
12.293863,9,40.363784,True,success,2
13.666044,17,40.373911,True,success,2
12.03956,6,40.377378,True,success,2
-2.950769,32,40.393672,False,stalled,2
-1.43981,51,40.479243,False,stalled,2
11.183804,34,40.493174,True,success,2
13.713089,8,40.497339,True,success,2
11.509623,6,40.50027,True,success,2
11.892726,7,40.504499,True,success,2
13.459754,18,40.511712,True,success,2
12.050701,7,40.514956,True,success,2
12.737056,8,40.51941,True,success,2
12.728427,5,40.522154,True,success,2
13.724597,11,40.527305,True,success,2
12.318963,6,40.530542,True,success,2
13.224483,26,40.541523,True,success,2
13.713089,8,40.545654,True,success,2
13.366602,11,40.551342,True,success,2
14.212104,14,40.557144,True,success,2
13.713089,8,40.56122,True,success,2
12.493033,6,40.564902,True,success,2
12.376929,7,40.568519,True,success,2
13.18616,7,40.572048,True,success,2
11.388528,3,40.574213,True,success,2
13.882213,25,40.645701,True,success,2
11.684399,10,40.650209,True,success,2
13.624597,16,40.657491,True,success,2
11.851091,53,40.678916,True,success,2
11.582469,66,40.705003,True,success,2
-1.901251,51,40.723457,False,stalled,2
13.411201,7,40.727057,True,success,2
12.038013,8,40.731091,True,success,2
12.707102,18,40.739101,True,success,2
12.809232,22,40.804691,True,success,2
13.590313,9,40.809795,True,success,2
14.134869,8,40.813396,True,success,2
13.648851,7,40.817187,True,success,2
12.943958,11,40.822266,True,success,2
12.915429,9,40.826193,True,success,2
-4.218173,44,40.842719,False,stalled,2
12.467258,18,40.85078,True,success,2
13.742445,7,40.855104,True,success,2
13.608876,18,40.862314,True,success,2
13.371179,34,40.875233,True,success,2
-3.994083,33,40.888067,False,stalled,2
12.254589,6,40.891348,True,success,2
13.929914,8,40.894962,True,success,2
12.865828,7,40.898648,True,success,2
13.895646,14,40.904227,True,success,2
12.168383,4,40.906668,True,success,2
11.94386,9,40.910623,True,success,2
12.068383,9,40.975438,True,success,2
13.528249,35,40.990162,True,success,2
13.804597,7,40.9934,True,success,2
11.58156,52,41.013284,True,success,2
12.755567,5,41.016085,True,success,2
13.377929,14,41.022774,True,success,2
13.231944,9,41.027179,True,success,2
-2.603164,44,41.044846,False,stalled,2
11.360698,4,41.047684,True,success,2
12.981665,6,41.051396,True,success,2
13.905966,7,41.054998,True,success,2
11.68208,15,41.061482,True,success,2
13.929914,8,41.065674,True,success,2
13.167496,23,41.074567,True,success,2
13.557867,13,41.080391,True,success,2
13.570282,8,41.144545,True,success,2
12.147287,5,41.147204,True,success,2
14.353333,14,41.152992,True,success,2
11.89916,4,41.155621,True,success,2
14.051719,10,41.159889,True,success,2
12.063331,5,41.162651,True,success,2
11.461712,23,41.171555,True,success,2
12.147287,5,41.174135,True,success,2
12.067287,9,41.178201,True,success,2
-1.934632,50,41.197808,False,stalled,2
13.131532,10,41.202907,True,success,2
13.587285,28,41.213539,True,success,2
13.70859,8,41.217381,True,success,2
11.63908,10,41.221698,True,success,2
14.359236,10,41.226136,True,success,2
13.839031,14,41.23333,True,success,2
12.852531,8,41.236934,True,success,2
11.556721,24,41.246848,True,success,2
11.327818,7,41.2501,True,success,2
-3.009871,78,41.340889,False,stalled,2
14.05705,12,41.346554,True,success,2
13.134485,13,41.352807,True,success,2
12.147287,5,41.355386,True,success,2
13.100894,7,41.35922,True,success,2
13.411201,7,41.362454,True,success,2
-3.578386,34,41.37605,False,stalled,2
13.411201,7,41.379541,True,success,2
14.011465,10,41.384726,True,success,2
11.265576,10,41.389304,True,success,2
12.989565,6,41.392708,True,success,2
13.693526,11,41.397955,True,success,2
13.742445,7,41.402056,True,success,2
13.053558,6,41.405366,True,success,2
12.361079,5,41.408121,True,success,2
13.404879,11,41.413703,True,success,2
12.905632,6,41.416633,True,success,2
13.872717,9,41.420733,True,success,2
13.804597,7,41.424013,True,success,2
14.002728,10,41.428709,True,success,2
13.083474,8,41.631593,True,success,2
13.559479,12,41.636781,True,success,2
11.762403,4,41.639026,True,success,2
13.93518,29,41.651404,True,success,2
11.407818,3,41.653315,True,success,2
12.035212,10,41.65844,True,success,2
11.581436,27,41.669382,True,success,2
11.662786,12,41.674649,True,success,2
11.74,3,41.677187,True,success,2
13.804597,7,41.681352,True,success,2
-1.687167,39,41.696968,False,stalled,2
14.166797,9,41.701145,True,success,2
-3.591423,74,41.727873,False,stalled,2
12.093586,6,41.730903,True,success,2
11.730054,18,41.798391,True,success,2
13.016408,7,41.801947,True,success,2
12.39328,8,41.805552,True,success,2
12.989565,6,41.809729,True,success,2
13.86505,8,41.813318,True,success,2
12.728427,5,41.816428,True,success,2
12.642081,12,41.82145,True,success,2
12.781665,16,41.828702,True,success,2
13.100894,7,41.832187,True,success,2
11.864319,23,41.841872,True,success,2
13.204017,6,41.845031,True,success,2
12.9,5,41.847743,True,success,2
13.648851,7,41.851425,True,success,2
11.959608,4,41.854023,True,success,2
13.905966,7,41.85813,True,success,2
13.684095,11,41.862758,True,success,2
11.90454,6,41.866155,True,success,2
14.078993,13,41.87304,True,success,2
-1.357417,66,41.897627,False,stalled,2
12.306929,8,41.902565,True,success,2
12.98082,7,41.906189,True,success,2
12.991067,12,41.91108,True,success,2
11.554367,13,41.977475,True,success,2
13.817798,13,41.982972,True,success,2
13.825966,11,41.987519,True,success,2
12.393972,10,41.992765,True,success,2
11.966834,14,41.99893,True,success,2
-1.598899,64,42.023405,False,stalled,2
11.959608,4,42.026036,True,success,2
12.728427,5,42.028607,True,success,2
-4.409729,35,42.041808,False,stalled,2
11.987096,5,42.045063,True,success,2
12.586645,5,42.047729,True,success,2
-3.222227,34,42.061729,False,stalled,2
13.590991,16,42.069006,True,success,2
13.742445,7,42.07243,True,success,2
11.758021,27,42.083004,True,success,2
13.795215,11,42.146397,True,success,2
11.89916,4,42.149017,True,success,2
12.587211,20,42.157274,True,success,2
13.93811,13,42.162753,True,success,2
13.76275,10,42.167055,True,success,2
14.046842,13,42.173168,True,success,2
13.18616,7,42.176581,True,success,2
13.045791,10,42.180777,True,success,2
11.086473,15,42.187752,True,success,2
12.699036,24,42.197711,True,success,2
12.920258,7,42.201387,True,success,2
13.147534,9,42.205809,True,success,2
14.165584,9,42.209697,True,success,2
11.85916,6,42.213178,True,success,2
12.855857,6,42.216619,True,success,2
11.959608,4,42.219342,True,success,2
12.187427,6,42.222372,True,success,2
12.881907,9,42.226792,True,success,2
11.226473,8,42.231805,True,success,2
-3.321522,55,42.252873,False,stalled,2
12.789884,16,42.319218,True,success,2
-1.916154,49,42.338571,False,stalled,2
12.987866,8,42.342452,True,success,2
13.427387,19,42.350903,True,success,2
11.959608,4,42.353236,True,success,2
11.164093,12,42.358778,True,success,2
13.623415,17,42.3667,True,success,2
12.494113,10,42.371664,True,success,2
12.493663,20,42.380837,True,success,2
13.021384,7,42.384419,True,success,2
13.857791,8,42.388072,True,success,2
13.83406,18,42.396204,True,success,2
12.059367,30,42.40997,True,success,2
12.204095,7,42.414165,True,success,2
13.804597,7,42.41759,True,success,2
12.438189,6,42.420998,True,success,2
13.804597,7,42.42427,True,success,2
14.050891,10,42.429642,True,success,2
12.840262,12,42.494781,True,success,2
-2.262369,58,42.518061,False,stalled,2
12.006107,35,42.532102,True,success,2
12.938132,11,42.536962,True,success,2
12.493033,6,42.540306,True,success,2
13.701548,16,42.547671,True,success,2
13.184056,18,42.555286,True,success,2
13.18616,7,42.558878,True,success,2
12.787735,13,42.565371,True,success,2
13.917199,21,42.573575,True,success,2
11.64239,6,42.577204,True,success,2
14.219969,15,42.584054,True,success,2
-2.181462,37,42.598522,False,stalled,2
12.628427,10,42.60312,True,success,2
13.414056,9,42.665569,True,success,2
12.78318,8,42.670025,True,success,2
11.874234,10,42.674457,True,success,2
13.028487,7,42.678207,True,success,2
13.800635,16,42.686156,True,success,2
-2.346854,47,42.705185,False,stalled,2
12.759093,8,42.709399,True,success,2
12.566709,12,42.715471,True,success,2
11.89916,4,42.717968,True,success,2
11.784643,9,42.72216,True,success,2
14.090646,16,42.729619,True,success,2
13.629746,31,42.741809,True,success,2
11.880515,22,42.75129,True,success,2
13.892479,15,42.758488,True,success,2
13.574674,8,42.762559,True,success,2
11.919608,6,42.765496,True,success,2
11.959608,4,42.768214,True,success,2
11.959608,4,42.770789,True,success,2
11.190348,91,42.86896,True,success,2
12.14673,20,42.877746,True,success,2
13.869274,10,42.882348,True,success,2
12.749577,50,42.901057,True,success,2
13.712909,11,42.905873,True,success,2
12.675567,9,42.910902,True,success,2
11.795843,4,42.913972,True,success,2
13.300974,13,42.919887,True,success,2
13.886252,16,42.928001,True,success,2
12.147287,5,42.930946,True,success,2
14.359236,10,42.935629,True,success,2
-3.759568,46,43.022026,False,stalled,2
13.301853,17,43.029212,True,success,2
12.830967,11,43.035633,True,success,2
13.702445,9,43.040033,True,success,2
11.537045,37,43.055162,True,success,2
12.265608,5,43.058113,True,success,2
11.74,3,43.060549,True,success,2
-3.601755,33,43.073675,False,stalled,2
14.06889,10,43.078335,True,success,2
11.359062,58,43.101213,True,success,2
13.524981,7,43.104614,True,success,2
12.985755,6,43.108284,True,success,2
11.89916,4,43.110703,True,success,2
13.030919,7,43.114441,True,success,2
13.242798,23,43.124431,True,success,2
12.777056,6,43.127798,True,success,2
13.992479,10,43.132591,True,success,2
-0.172693,100,43.237104,False,max_steps,2
12.923474,16,43.244255,True,success,2
12.143562,6,43.247575,True,success,2
13.929914,8,43.251388,True,success,2
13.886017,14,43.257517,True,success,2
13.827095,14,43.26422,True,success,2
13.248658,31,43.276902,True,success,2
14.170071,11,43.282238,True,success,2
11.445514,20,43.291237,True,success,2
12.063331,5,43.294157,True,success,2
13.623369,12,43.299618,True,success,2
13.550313,11,43.305252,True,success,2
-2.575793,35,43.38332,False,stalled,2
12.969415,19,43.391241,True,success,2
11.577056,6,43.394397,True,success,2
13.92173,10,43.399773,True,success,2
12.168383,4,43.40211,True,success,2
14.137577,10,43.406791,True,success,2
12.755567,5,43.409392,True,success,2
12.147906,7,43.413205,True,success,2
12.617326,13,43.41861,True,success,2
-2.574556,59,43.442176,False,stalled,2
14.134869,8,43.447075,True,success,2
13.933414,24,43.457674,True,success,2
-1.797829,43,43.476516,False,stalled,2
13.688894,19,43.484975,True,success,2
12.183562,4,43.487509,True,success,2
-2.527859,35,43.56487,False,stalled,2
13.411201,7,43.569082,True,success,2
11.762403,4,43.571343,True,success,2
-3.184331,42,43.58787,False,stalled,2
12.805991,7,43.591256,True,success,2
12.987866,8,43.595751,True,success,2
12.942535,10,43.600687,True,success,2
12.809332,10,43.60508,True,success,2
11.653068,14,43.612123,True,success,2
12.883296,9,43.616532,True,success,2
12.976921,6,43.619452,True,success,2
-4.767496,49,43.640289,False,stalled,2
11.837746,4,43.643003,True,success,2
11.998021,15,43.650029,True,success,2
13.857791,8,43.653602,True,success,2
11.987096,5,43.656593,True,success,2
13.82505,10,43.660864,True,success,2
12.885672,9,43.665047,True,success,2
12.719673,13,43.729291,True,success,2
12.935577,8,43.734312,True,success,2
13.811719,17,43.741404,True,success,2
13.96497,13,43.748087,True,success,2
13.053558,6,43.751078,True,success,2
-1.788061,25,43.761747,False,out_of_bounds,2
11.424985,28,43.772568,True,success,2
12.063331,5,43.776115,True,success,2
14.14167,10,43.781202,True,success,2
12.060508,8,43.784957,True,success,2
12.745142,10,43.789889,True,success,2
11.324093,4,43.792458,True,success,2
-2.538172,64,43.818269,False,stalled,2
13.742445,7,43.822646,True,success,2
13.348815,19,43.831125,True,success,2
12.087852,5,43.833799,True,success,2
-1.548703,48,43.914296,False,stalled,2
13.648851,7,43.917925,True,success,2
12.449932,42,43.935431,True,success,2
-3.299948,34,43.949829,False,stalled,2
-1.444022,38,43.965996,False,stalled,2
13.831719,21,43.975938,True,success,2
12.675994,9,43.980188,True,success,2
12.468342,21,43.989065,True,success,2
13.751957,10,43.99366,True,success,2
13.465261,21,44.002036,True,success,2
13.599017,27,44.071444,True,success,2
12.168383,4,44.074004,True,success,2
11.919803,5,44.076603,True,success,2
12.894869,19,44.084306,True,success,2
11.82454,10,44.088932,True,success,2
11.879608,8,44.092561,True,success,2
12.588427,7,44.096103,True,success,2
13.167725,28,44.106692,True,success,2
-2.940263,34,44.120471,False,stalled,2
14.134869,8,44.124721,True,success,2
12.023586,7,44.12897,True,success,2
12.806585,21,44.137481,True,success,2
13.570282,8,44.141944,True,success,2
12.425567,14,44.147523,True,success,2
14.134869,8,44.151253,True,success,2
11.474113,6,44.154168,True,success,2
12.682876,6,44.157327,True,success,2
14.170071,11,44.162016,True,success,2
12.9,5,44.164796,True,success,2
12.373863,5,44.16735,True,success,2
13.910624,8,44.171829,True,success,2
13.481154,16,44.178434,True,success,2
13.806997,7,44.181672,True,success,2
12.373863,5,44.184586,True,success,2
13.574674,8,44.24915,True,success,2
11.96956,7,44.253583,True,success,2
12.183562,4,44.256919,True,success,2
-1.895296,44,44.275379,False,stalled,2
13.769914,16,44.282972,True,success,2
11.388528,3,44.284915,True,success,2
13.204017,6,44.287999,True,success,2
14.262096,8,44.291662,True,success,2
-0.993616,38,44.307666,False,stalled,2
13.938198,8,44.311744,True,success,2
11.554949,14,44.318202,True,success,2
13.048509,22,44.327414,True,success,2
12.849744,13,44.33323,True,success,2
12.815525,11,44.338556,True,success,2
12.528427,15,44.345073,True,success,2
-2.919423,54,44.430434,False,stalled,2
13.549252,22,44.439101,True,success,2
11.478678,7,44.442699,True,success,2
13.8715,10,44.448616,True,success,2
12.642876,8,44.452844,True,success,2
12.688427,7,44.456428,True,success,2
13.005584,7,44.460391,True,success,2
12.755567,5,44.463302,True,success,2
13.982641,13,44.46868,True,success,2
13.204017,6,44.471645,True,success,2
13.996209,11,44.477075,True,success,2
11.296114,10,44.482923,True,success,2
12.555567,15,44.489459,True,success,2
14.041058,10,44.494621,True,success,2
13.929914,8,44.498739,True,success,2
12.874975,11,44.503692,True,success,2
11.959608,4,44.506502,True,success,2
14.139152,9,44.510885,True,success,2
-1.367227,45,44.528648,False,stalled,2
13.803828,7,44.532503,True,success,2
11.959608,4,44.534751,True,success,2
13.57241,11,44.540466,True,success,2
12.183562,4,44.542736,True,success,2
13.584379,10,44.547142,True,success,2
-1.717516,37,44.620626,False,stalled,2
12.063562,10,44.625597,True,success,2
-2.150453,42,44.640805,False,stalled,2
11.50239,8,44.645359,True,success,2
11.878777,5,44.64795,True,success,2
11.954234,6,44.651183,True,success,2
14.288528,8,44.654737,True,success,2
12.126482,10,44.659989,True,success,2
12.176943,10,44.664598,True,success,2
12.105608,13,44.670018,True,success,2
12.79,8,44.673683,True,success,2
12.281728,6,44.67678,True,success,2
13.204017,6,44.679798,True,success,2
13.844922,9,44.683892,True,success,2
14.050499,16,44.691238,True,success,2
12.769045,15,44.697355,True,success,2
11.549623,4,44.699713,True,success,2
11.660728,14,44.706361,True,success,2
11.529623,5,44.708975,True,success,2
11.959608,4,44.7114,True,success,2
13.556134,31,44.780874,True,success,2
12.147427,8,44.785293,True,success,2
12.546023,12,44.790586,True,success,2
13.803828,7,44.793829,True,success,2
-2.404856,66,44.819056,False,stalled,2
12.865828,7,44.822907,True,success,2
14.292104,10,44.828043,True,success,2
13.776312,9,44.83253,True,success,2
13.490588,8,44.836405,True,success,2
12.755567,5,44.839217,True,success,2
14.239033,10,44.845046,True,success,2
13.804597,7,44.848739,True,success,2
12.183562,4,44.851582,True,success,2
13.999252,12,44.857634,True,success,2
13.858198,12,44.86326,True,success,2
13.411334,8,44.867296,True,success,2
12.587239,27,44.878721,True,success,2
14.062245,9,44.882852,True,success,2
13.414379,11,44.888293,True,success,2
13.86505,8,44.892581,True,success,2
11.643331,11,44.960928,True,success,2
13.425161,11,44.966713,True,success,2
-2.127298,34,44.980803,False,stalled,2
12.107798,5,44.983772,True,success,2
-2.669083,52,45.004733,False,stalled,2
12.978199,10,45.009892,True,success,2
12.301936,9,45.01458,True,success,2
12.128383,6,45.018262,True,success,2
11.959608,4,45.021749,True,success,2
-3.289293,37,45.036556,False,stalled,2
12.728427,5,45.039844,True,success,2
14.186008,11,45.044727,True,success,2
13.202629,15,45.05082,True,success,2
12.438189,6,45.054073,True,success,2
13.951719,15,45.061196,True,success,2
13.83493,8,45.064875,True,success,2
12.685828,11,45.069935,True,success,2
11.266473,6,45.073721,True,success,2
13.94173,9,45.137377,True,success,2
12.989079,15,45.143816,True,success,2
12.905632,6,45.147458,True,success,2
-3.700584,61,45.17116,False,stalled,2
13.322804,17,45.178569,True,success,2
-2.908713,40,45.194236,False,stalled,2
12.723464,17,45.201409,True,success,2
-2.549347,41,45.217198,False,stalled,2
13.145244,8,45.221252,True,success,2
12.934705,7,45.224571,True,success,2
13.006424,12,45.229778,True,success,2
11.722859,7,45.233248,True,success,2
12.865632,8,45.237442,True,success,2
13.835215,9,45.242342,True,success,2
11.74,3,45.244309,True,success,2
-1.841541,56,45.325059,False,stalled,2
12.999786,8,45.329261,True,success,2
13.18616,7,45.332805,True,success,2
12.658427,6,45.335855,True,success,2
14.354113,12,45.341068,True,success,2
13.826189,10,45.346267,True,success,2
11.89916,4,45.348528,True,success,2
13.66859,10,45.353036,True,success,2
12.770024,10,45.357695,True,success,2
11.514113,4,45.360234,True,success,2
12.666023,6,45.363119,True,success,2
11.782786,6,45.366363,True,success,2
12.949586,18,45.373995,True,success,2
13.022652,8,45.377892,True,success,2
11.407818,3,45.37983,True,success,2
13.630311,21,45.387822,True,success,2
-2.048743,39,45.402402,False,stalled,2
13.853894,11,45.407501,True,success,2
12.183562,4,45.409761,True,success,2
13.622445,13,45.415237,True,success,2
12.754078,8,45.479238,True,success,2
12.598564,9,45.483788,True,success,2
12.728427,5,45.486402,True,success,2
11.324093,4,45.488671,True,success,2
14.166797,9,45.492717,True,success,2
13.776666,16,45.49932,True,success,2
13.830559,11,45.504172,True,success,2
12.169701,9,45.508046,True,success,2
11.89916,4,45.510602,True,success,2
11.749893,13,45.515915,True,success,2
13.053558,6,45.519005,True,success,2
12.548551,12,45.524247,True,success,2
11.743438,5,45.527575,True,success,2
12.8192,9,45.531812,True,success,2
-1.32788,43,45.548312,False,stalled,2
11.540728,20,45.557515,True,success,2
13.204017,6,45.560663,True,success,2
12.987866,8,45.564238,True,success,2
13.803828,7,45.567723,True,success,2
13.128528,6,45.571259,True,success,2
13.804597,7,45.575028,True,success,2
13.910624,8,45.578715,True,success,2
-1.359891,36,45.669585,False,stalled,2
14.086797,13,45.676012,True,success,2
13.570282,8,45.680538,True,success,2
-2.788509,58,45.703782,False,stalled,2
-3.110933,33,45.71792,False,stalled,2
13.804597,7,45.721882,True,success,2
13.612697,9,45.7268,True,success,2
13.015878,7,45.730612,True,success,2
12.164472,8,45.734868,True,success,2
13.411201,7,45.738912,True,success,2
13.013371,29,45.751417,True,success,2
13.935324,23,45.7614,True,success,2
12.168383,4,45.763892,True,success,2
13.004045,14,45.770559,True,success,2
-1.93201,36,45.859236,False,stalled,2
13.635005,31,45.873373,True,success,2
12.728427,5,45.876184,True,success,2
13.659779,22,45.886279,True,success,2
12.997066,7,45.890065,True,success,2
11.246473,7,45.893968,True,success,2
12.50225,19,45.902239,True,success,2
13.804597,7,45.906148,True,success,2
13.715387,11,45.911387,True,success,2
13.929914,8,45.915879,True,success,2
12.03956,6,45.918945,True,success,2
11.622786,14,45.925353,True,success,2
13.016408,7,45.92905,True,success,2
12.129537,12,45.934258,True,success,2
12.865755,12,45.939637,True,success,2
13.921595,20,45.947938,True,success,2
13.896666,10,45.953016,True,success,2
11.388528,3,45.955444,True,success,2
13.570282,8,45.959547,True,success,2
10.793751,21,45.968652,True,success,2
13.823658,19,45.976672,True,success,2
12.47287,36,46.051913,True,success,2
13.622769,16,46.059244,True,success,2
12.238963,10,46.063828,True,success,2
13.100894,7,46.067458,True,success,2
-3.51406,46,46.086089,False,stalled,2
12.713896,11,46.092324,True,success,2
11.514113,4,46.095068,True,success,2
11.959608,4,46.097478,True,success,2
13.441895,15,46.104919,True,success,2
13.570282,8,46.109159,True,success,2
13.713089,8,46.112997,True,success,2
12.863259,16,46.12006,True,success,2
10.777554,50,46.13925,True,success,2
12.300737,29,46.215197,True,success,2
13.668134,12,46.220682,True,success,2
12.728427,5,46.223394,True,success,2
14.06167,14,46.23042,True,success,2
13.079702,11,46.235653,True,success,2
12.575945,30,46.248152,True,success,2
13.052416,13,46.25418,True,success,2
13.702445,9,46.258698,True,success,2
13.910624,8,46.262608,True,success,2
-2.711364,63,46.287663,False,stalled,2
12.755567,5,46.290513,True,success,2
13.910624,8,46.29407,True,success,2
12.348605,41,46.310694,True,success,2
12.183562,4,46.312936,True,success,2
13.748539,15,46.319348,True,success,2
13.394429,8,46.32315,True,success,2
13.605558,9,46.327135,True,success,2
12.016929,20,46.395994,True,success,2
13.74704,10,46.401025,True,success,2
12.659673,21,46.410095,True,success,2
12.728427,5,46.412945,True,success,2
11.617056,4,46.415442,True,success,2
-3.227401,44,46.432281,False,stalled,2
14.278118,19,46.440859,True,success,2
11.686052,8,46.444573,True,success,2
13.749726,9,46.44871,True,success,2
11.509623,6,46.452062,True,success,2
12.62104,17,46.459262,True,success,2
12.89846,7,46.462803,True,success,2
11.959608,4,46.465073,True,success,2
12.270392,29,46.476832,True,success,2
11.834234,12,46.482203,True,success,2
13.961588,12,46.487831,True,success,2
13.951545,10,46.492292,True,success,2
12.696991,17,46.499545,True,success,2
-2.07088,64,46.582564,False,stalled,2
12.168383,4,46.585034,True,success,2
13.523912,17,46.592461,True,success,2
12.551548,31,46.604297,True,success,2
13.804597,7,46.608693,True,success,2
12.413033,10,46.613018,True,success,2
12.103562,8,46.61696,True,success,2
13.689186,16,46.624242,True,success,2
12.183562,4,46.62655,True,success,2
12.786049,7,46.630431,True,success,2
13.850106,33,46.643966,True,success,2
13.90173,11,46.648734,True,success,2
13.882794,9,46.653403,True,success,2
11.018091,43,46.728864,True,success,2
13.82505,10,46.73337,True,success,2
12.846249,11,46.737971,True,success,2
13.548635,18,46.746073,True,success,2
13.204017,6,46.749149,True,success,2
13.835215,9,46.753186,True,success,2
12.972909,23,46.762385,True,success,2
11.722403,6,46.765263,True,success,2
12.985755,6,46.768434,True,success,2
13.843823,10,46.772916,True,success,2
12.755567,5,46.775958,True,success,2
11.575583,25,46.785461,True,success,2
-4.060436,74,46.813813,False,stalled,2
12.997602,9,46.818067,True,success,2
12.445107,21,46.826767,True,success,2
13.469914,31,46.897542,True,success,2
12.805632,11,46.902728,True,success,2
11.985615,21,46.911808,True,success,2
11.760025,9,46.916218,True,success,2
11.716937,5,46.918781,True,success,2
13.992479,10,46.923336,True,success,2
13.590313,9,46.928079,True,success,2
11.388528,3,46.930061,True,success,2
11.74,3,46.931964,True,success,2
13.871822,11,46.936854,True,success,2
12.728427,5,46.939415,True,success,2
14.028015,17,46.947216,True,success,2
13.541875,15,46.953362,True,success,2
13.468579,14,46.960402,True,success,2
12.17402,15,46.967827,True,success,2
13.659754,8,46.972184,True,success,2
11.857156,5,46.975281,True,success,2
12.373863,5,46.978104,True,success,2
13.69103,20,46.98606,True,success,2
12.728427,5,46.989543,True,success,2
11.89916,4,46.991906,True,success,2
11.795843,4,46.994215,True,success,2
11.953331,8,46.998332,True,success,2
11.946663,23,47.008219,True,success,2
13.790228,19,47.073774,True,success,2
11.762403,4,47.076076,True,success,2
12.948784,10,47.080954,True,success,2
12.855857,6,47.083856,True,success,2
11.927436,6,47.086945,True,success,2
12.142411,6,47.089881,True,success,2
-2.597945,66,47.115133,False,stalled,2
14.046797,15,47.121449,True,success,2
12.929045,7,47.124806,True,success,2
-1.170997,57,47.146533,False,stalled,2
12.264311,10,47.151247,True,success,2
12.031997,19,47.159252,True,success,2
-4.217561,69,47.250949,False,stalled,2
11.795843,4,47.253723,True,success,2
13.590313,9,47.257884,True,success,2
12.56496,16,47.266117,True,success,2
11.965097,9,47.270782,True,success,2
13.624379,8,47.274721,True,success,2
12.86616,23,47.284406,True,success,2
14.062245,9,47.288524,True,success,2
13.024791,10,47.293321,True,success,2
12.605706,10,47.2981,True,success,2
13.25791,31,47.310607,True,success,2
13.081589,16,47.317038,True,success,2
13.18616,7,47.320278,True,success,2
12.641867,11,47.325242,True,success,2
12.199616,19,47.3327,True,success,2
-2.701631,46,47.349334,False,stalled,2
13.750436,13,47.415653,True,success,2
-1.720907,44,47.432723,False,stalled,2
13.794811,23,47.44201,True,success,2
13.185956,22,47.451623,True,success,2
12.373024,34,47.464866,True,success,2
13.970406,10,47.469432,True,success,2
13.648851,7,47.473379,True,success,2
13.524981,7,47.47752,True,success,2
13.659754,8,47.481081,True,success,2
12.104106,6,47.484338,True,success,2
14.184447,15,47.49092,True,success,2
13.910624,8,47.494604,True,success,2
13.648851,7,47.49836,True,success,2
13.812847,24,47.508517,True,success,2
11.733798,7,47.512054,True,success,2
11.581546,20,47.520897,True,success,2
13.624379,8,47.583507,True,success,2
12.780125,16,47.590153,True,success,2
13.69023,10,47.595309,True,success,2
12.087537,6,47.598212,True,success,2
11.959608,4,47.600615,True,success,2
11.880502,26,47.611418,True,success,2
13.005584,7,47.614887,True,success,2
12.808528,22,47.623909,True,success,2
-2.111344,47,47.641521,False,stalled,2
11.910225,14,47.647441,True,success,2
13.509658,7,47.650954,True,success,2
12.888528,18,47.658302,True,success,2
12.755567,5,47.660861,True,success,2
14.359236,10,47.665393,True,success,2
13.601252,34,47.678767,True,success,2
12.905632,6,47.681663,True,success,2
12.250779,7,47.685858,True,success,2
13.574674,8,47.689445,True,success,2
12.318963,6,47.751924,True,success,2
12.885134,10,47.756452,True,success,2
12.94259,18,47.76373,True,success,2
13.412694,18,47.770785,True,success,2
-0.832504,55,47.792527,False,stalled,2
13.443102,17,47.79957,True,success,2
13.968015,20,47.808234,True,success,2
13.608851,9,47.812483,True,success,2
12.078189,24,47.822983,True,success,2
11.927915,5,47.825734,True,success,2
13.86146,10,47.830148,True,success,2
11.407818,3,47.832164,True,success,2
14.06,7,47.835562,True,success,2
13.082678,9,47.839803,True,success,2
12.981161,9,47.843917,True,success,2
12.183562,4,47.846281,True,success,2
12.479248,6,47.849597,True,success,2
13.599882,12,47.855756,True,success,2
-2.160882,45,47.930965,False,stalled,2
12.755567,5,47.93389,True,success,2
12.215011,7,47.937239,True,success,2
13.729666,11,47.942761,True,success,2
13.688903,15,47.948941,True,success,2
13.246643,32,47.96178,True,success,2
12.642876,8,47.965941,True,success,2
12.265608,5,47.96889,True,success,2
11.73916,12,47.975101,True,success,2
12.728427,5,47.97798,True,success,2
13.516949,15,47.984304,True,success,2
12.755567,5,47.986987,True,success,2
12.755567,5,47.989735,True,success,2
12.361079,5,47.992464,True,success,2
14.175014,12,47.997604,True,success,2
12.265608,5,48.000921,True,success,2
13.524981,7,48.004478,True,success,2
13.648851,7,48.00771,True,success,2
11.407818,3,48.009829,True,success,2
13.053558,6,48.012949,True,success,2
13.322839,20,48.022182,True,success,2
13.882659,13,48.027762,True,success,2
12.233418,7,48.031905,True,success,2
11.614206,42,48.107273,True,success,2
11.74,3,48.109293,True,success,2
12.586049,17,48.116448,True,success,2
13.910624,8,48.12001,True,success,2
11.367818,5,48.123651,True,success,2
12.985755,6,48.126771,True,success,2
12.187427,6,48.131123,True,success,2
11.831215,6,48.135276,True,success,2
12.518323,18,48.144484,True,success,2
-4.442476,42,48.160878,False,stalled,2
11.388528,3,48.163069,True,success,2
12.91312,8,48.166928,True,success,2
12.183562,4,48.16957,True,success,2
13.95904,10,48.173988,True,success,2
12.98082,7,48.177449,True,success,2
13.734504,11,48.184696,True,success,2
12.696993,22,48.194806,True,success,2
12.253418,6,48.199672,True,success,2
11.407818,3,48.20253,True,success,2
-3.282718,58,48.286186,False,stalled,2
12.86,7,48.290291,True,success,2
-2.595779,50,48.309665,False,stalled,2
12.093586,6,48.312836,True,success,2
14.262096,8,48.316618,True,success,2
-2.201035,41,48.332214,False,stalled,2
13.943208,17,48.339977,True,success,2
11.795843,4,48.342608,True,success,2
13.372697,21,48.35191,True,success,2
14.262096,8,48.355569,True,success,2
13.204017,6,48.358948,True,success,2
13.062543,7,48.362271,True,success,2
13.247747,13,48.368366,True,success,2
12.787736,6,48.371465,True,success,2
13.084045,10,48.375673,True,success,2
13.784078,8,48.379745,True,success,2
12.888487,14,48.3862,True,success,2
11.74,3,48.388186,True,success,2
13.028487,7,48.391418,True,success,2
-0.166264,38,48.465296,False,stalled,2
12.755567,5,48.46941,True,success,2
-2.0828,92,48.511042,False,stalled,2
11.139634,18,48.519529,True,success,2
11.799642,42,48.536207,True,success,2
11.959608,4,48.538664,True,success,2
12.715567,7,48.541926,True,success,2
13.951545,10,48.546601,True,success,2
13.87169,17,48.554743,True,success,2
13.406202,15,48.560931,True,success,2
-1.237577,38,48.641565,False,stalled,2
11.549623,4,48.644536,True,success,2
13.258198,9,48.648432,True,success,2
12.640044,32,48.661609,True,success,2
12.183562,4,48.664155,True,success,2
-3.142041,55,48.685724,False,stalled,2
11.89916,4,48.688709,True,success,2
12.989565,6,48.692531,True,success,2
13.489983,10,48.696894,True,success,2
14.274678,12,48.702932,True,success,2
13.404502,12,48.708171,True,success,2
12.025047,9,48.712306,True,success,2
11.743438,5,48.715256,True,success,2
13.766189,13,48.720962,True,success,2
-1.388363,40,48.736472,False,stalled,2
14.036209,9,48.740747,True,success,2
13.079176,8,48.744327,True,success,2
13.163548,9,48.807417,True,success,2
12.087852,5,48.810864,True,success,2
12.183562,4,48.813103,True,success,2
12.168383,4,48.815343,True,success,2
14.108218,13,48.820817,True,success,2
13.084791,7,48.82639,True,success,2
13.501882,14,48.83442,True,success,2
-0.933925,51,48.85858,False,stalled,2
14.166797,9,48.862776,True,success,2
11.95665,11,48.867783,True,success,2
13.490588,8,48.872129,True,success,2
13.145244,8,48.875811,True,success,2
12.199248,20,48.883867,True,success,2
11.74,3,48.886012,True,success,2
11.617056,4,48.888349,True,success,2
12.586645,5,48.890919,True,success,2
11.981436,7,48.894842,True,success,2
14.01682,15,48.902283,True,success,2
13.062543,7,48.90563,True,success,2
11.617056,4,48.908239,True,success,2
13.601626,19,48.916254,True,success,2
13.202651,24,48.925281,True,success,2
14.128195,8,48.9292,True,success,2
13.053558,6,48.992406,True,success,2
11.676937,7,48.996331,True,success,2
12.434566,14,49.002044,True,success,2
12.867866,14,49.008192,True,success,2
13.702016,13,49.01445,True,success,2
12.949565,8,49.018476,True,success,2
13.377363,9,49.023306,True,success,2
11.407818,3,49.025642,True,success,2
12.869565,12,49.030823,True,success,2
-3.08161,35,49.043803,False,stalled,2
11.89916,4,49.046375,True,success,2
11.764212,24,49.055856,True,success,2
14.394113,10,49.060435,True,success,2
14.295878,11,49.065075,True,success,2
-0.713404,37,49.079415,False,stalled,2
13.62133,9,49.084145,True,success,2
12.782663,7,49.087638,True,success,2
13.452771,7,49.090965,True,success,2
12.112381,11,49.096589,True,success,2
12.566039,30,49.174452,True,success,2
12.774301,8,49.178289,True,success,2
11.388528,3,49.18019,True,success,2
13.411201,7,49.183433,True,success,2
12.9,5,49.186396,True,success,2
11.324093,4,49.189417,True,success,2
13.63744,10,49.193892,True,success,2
12.232224,7,49.197124,True,success,2
12.806873,27,49.208021,True,success,2
12.776381,48,49.22679,True,success,2
13.666209,20,49.235326,True,success,2
11.465107,9,49.239882,True,success,2
11.74,3,49.241817,True,success,2
13.846865,14,49.248071,True,success,2
-2.795903,74,49.275206,False,stalled,2
11.887915,7,49.337514,True,success,2
13.791957,8,49.341736,True,success,2
13.929914,8,49.345574,True,success,2
12.41328,7,49.348829,True,success,2
-3.807616,42,49.365596,False,stalled,2
13.572697,11,49.370949,True,success,2
12.473033,7,49.374423,True,success,2
12.894705,9,49.378465,True,success,2
11.959608,4,49.380722,True,success,2
12.265608,5,49.383309,True,success,2
13.547196,9,49.388357,True,success,2
-1.850915,37,49.403155,False,stalled,2
11.348528,5,49.405962,True,success,2
-2.22712,66,49.430444,False,stalled,2
13.983724,18,49.437881,True,success,2
13.938198,8,49.441638,True,success,2
13.662794,20,49.51053,True,success,2
13.850508,18,49.517625,True,success,2
13.569914,26,49.529145,True,success,2
12.168383,4,49.531694,True,success,2
13.414056,9,49.535929,True,success,2
14.024156,14,49.542639,True,success,2
14.076209,12,49.547784,True,success,2
13.829103,9,49.552182,True,success,2
11.89916,4,49.554634,True,success,2
13.661875,9,49.558915,True,success,2
12.902694,9,49.563211,True,success,2
13.523102,13,49.568832,True,success,2
13.513197,18,49.575792,True,success,2
13.401156,10,49.580159,True,success,2
13.945249,14,49.586839,True,success,2
11.304093,5,49.589429,True,success,2
-3.350623,37,49.603196,False,stalled,2
13.804597,7,49.606565,True,success,2
12.87312,10,49.610951,True,success,2
11.967537,12,49.616677,True,success,2
13.011276,8,49.678521,True,success,2
12.7201,18,49.685659,True,success,2
11.562403,14,49.692071,True,success,2
11.407818,3,49.693901,True,success,2
-2.768499,35,49.708598,False,stalled,2
12.728427,5,49.711817,True,success,2
13.284879,17,49.719052,True,success,2
12.9,5,49.721995,True,success,2
12.98082,7,49.725227,True,success,2
11.367818,5,49.728008,True,success,2
-1.789377,53,49.747794,False,stalled,2
14.071719,9,49.751985,True,success,2
14.070354,9,49.756063,True,success,2
11.878777,5,49.758626,True,success,2
12.775857,10,49.763012,True,success,2
13.85088,14,49.769166,True,success,2
12.971099,13,49.774611,True,success,2
12.128383,6,49.777548,True,success,2
12.719105,6,49.780625,True,success,2
12.926249,7,49.784038,True,success,2
12.856991,9,49.788199,True,success,2
13.204017,6,49.848522,True,success,2
13.935505,24,49.85871,True,success,2
12.728427,5,49.861327,True,success,2
13.929914,8,49.865044,True,success,2
13.910624,8,49.868611,True,success,2
13.422995,29,49.880203,True,success,2
13.648851,7,49.883453,True,success,2
12.746049,9,49.888082,True,success,2
13.083474,8,49.891654,True,success,2
13.608851,9,49.895787,True,success,2
11.696937,6,49.898676,True,success,2
-3.299097,60,49.921149,False,stalled,2
13.880729,19,49.928899,True,success,2
13.275091,16,49.935799,True,success,2
11.828377,12,49.940936,True,success,2
12.454113,12,49.946484,True,success,2
11.407818,3,49.948528,True,success,2
12.361079,5,49.951143,True,success,2
13.929914,8,49.95488,True,success,2
14.522641,11,50.025826,True,success,2
12.806561,40,50.042695,True,success,2
13.79216,9,50.048098,True,success,2
13.593089,14,50.056495,True,success,2
13.322882,17,50.064178,True,success,2
12.777056,6,50.068016,True,success,2
13.14616,9,50.073735,True,success,2
13.786209,14,50.080745,True,success,2
-1.970988,53,50.101195,False,stalled,2
13.674157,17,50.108172,True,success,2
13.69023,10,50.112898,True,success,2
12.183562,4,50.115903,True,success,2
13.419224,8,50.119644,True,success,2
13.648851,7,50.123478,True,success,2
12.355871,80,50.215709,True,success,2
11.407818,3,50.217865,True,success,2
11.251606,17,50.225073,True,success,2
-3.044402,56,50.247431,False,stalled,2
13.764597,9,50.252397,True,success,2
13.505803,16,50.259404,True,success,2
14.134869,8,50.263548,True,success,2
12.361079,5,50.266328,True,success,2
14.134869,8,50.270568,True,success,2
12.988487,9,50.274961,True,success,2
12.782663,7,50.278468,True,success,2
12.709896,13,50.28422,True,success,2
12.815525,11,50.289121,True,success,2
13.131169,8,50.292846,True,success,2
13.607198,21,50.301934,True,success,2
-1.730326,35,50.375665,False,stalled,2
-1.660055,68,50.400672,False,stalled,2
-2.315343,43,50.418598,False,stalled,2
11.617056,4,50.42152,True,success,2
11.341111,16,50.428337,True,success,2
13.642794,21,50.437515,True,success,2
13.661875,9,50.441853,True,success,2
-2.811888,34,50.455657,False,stalled,2
13.897515,12,50.460713,True,success,2
11.89916,4,50.46307,True,success,2
11.818647,19,50.470672,True,success,2
13.299785,21,50.542048,True,success,2
13.414674,16,50.549414,True,success,2
12.363687,49,50.569302,True,success,2
11.89916,4,50.57225,True,success,2
-3.542274,40,50.58757,False,stalled,2
14.184872,22,50.596135,True,success,2
13.887197,10,50.600365,True,success,2
12.532603,5,50.603616,True,success,2
11.970931,6,50.606508,True,success,2
12.728427,5,50.609255,True,success,2
12.79013,21,50.61786,True,success,2
14.128195,8,50.621604,True,success,2
12.552118,12,50.62655,True,success,2
12.622443,13,50.632909,True,success,2
12.971783,23,50.641622,True,success,2
13.91175,11,50.646906,True,success,2
12.987021,51,50.723996,True,success,2
11.74,3,50.726115,True,success,2
11.332031,26,50.735912,True,success,2
13.982096,22,50.744979,True,success,2
-2.719398,63,50.768063,False,stalled,2
11.693926,7,50.771994,True,success,2
11.74,3,50.773909,True,success,2
12.697934,14,50.779783,True,success,2
12.728427,5,50.782597,True,success,2
13.444981,11,50.788841,True,success,2
14.262096,8,50.792733,True,success,2
11.89916,4,50.795183,True,success,2
-2.806523,38,50.810916,False,stalled,2
11.89916,4,50.813311,True,success,2
13.684533,19,50.882951,True,success,2
14.4038,13,50.888841,True,success,2
11.89916,4,50.89151,True,success,2
14.221114,17,50.898269,True,success,2
13.585803,12,50.903393,True,success,2
13.129914,28,50.914627,True,success,2
12.265608,5,50.917281,True,success,2
12.755567,5,50.920187,True,success,2
13.032151,10,50.924669,True,success,2
12.318963,6,50.927813,True,success,2
13.661875,9,50.931749,True,success,2
13.052959,8,50.935945,True,success,2
12.168383,4,50.938318,True,success,2
13.289748,10,50.943164,True,success,2
13.005472,27,50.954663,True,success,2
12.728427,5,50.957668,True,success,2
-1.095703,50,50.978141,False,stalled,2
-3.65943,39,51.054595,False,stalled,2
13.842794,11,51.060482,True,success,2
13.632479,20,51.068474,True,success,2
13.304183,14,51.074475,True,success,2
13.104879,26,51.084804,True,success,2
12.156077,6,51.088229,True,success,2
11.795843,4,51.091215,True,success,2
13.364692,10,51.09577,True,success,2
12.948985,20,51.10351,True,success,2
12.526744,29,51.115071,True,success,2
13.624379,8,51.118711,True,success,2
-2.082921,47,51.137535,False,stalled,2
12.9,5,51.140308,True,success,2
13.050595,26,51.150341,True,success,2
12.71211,13,51.156274,True,success,2
-2.164525,36,51.226807,False,stalled,2
11.89916,4,51.229254,True,success,2
-1.302819,49,51.247387,False,stalled,2
12.145171,10,51.251863,True,success,2
11.611537,12,51.257557,True,success,2
14.262096,8,51.261373,True,success,2
12.145608,11,51.266022,True,success,2
13.548056,8,51.269856,True,success,2
14.084045,18,51.277697,True,success,2
12.328287,21,51.28588,True,success,2
13.053558,6,51.289511,True,success,2
13.18616,7,51.292995,True,success,2
12.187427,6,51.296334,True,success,2
13.585614,25,51.30673,True,success,2
13.053988,7,51.31026,True,success,2
12.143562,6,51.313218,True,success,2
13.058434,14,51.31916,True,success,2
11.943331,11,51.324003,True,success,2
12.532603,5,51.390712,True,success,2
14.478258,11,51.396236,True,success,2
12.256929,13,51.402098,True,success,2
13.619754,10,51.406508,True,success,2
-2.125622,53,51.427742,False,stalled,2
13.771458,15,51.43419,True,success,2
11.933685,44,51.45119,True,success,2
13.084017,12,51.456996,True,success,2
12.755567,5,51.459863,True,success,2
12.856991,9,51.464084,True,success,2
12.260721,16,51.470885,True,success,2
13.374858,47,51.488542,True,success,2
12.439248,8,51.492314,True,success,2
11.932726,5,51.49493,True,success,2
13.013306,24,51.56557,True,success,2
13.70859,8,51.570479,True,success,2
13.606706,12,51.575964,True,success,2
11.697008,26,51.586397,True,success,2
11.602403,12,51.591569,True,success,2
11.479623,5,51.594515,True,success,2
-1.66313,41,51.609599,False,stalled,2
11.987096,5,51.612294,True,success,2
12.755567,5,51.615047,True,success,2
11.932726,5,51.617623,True,success,2
-3.280376,53,51.638006,False,stalled,2
11.608027,12,51.644176,True,success,2
13.648851,7,51.647496,True,success,2
12.909565,10,51.65229,True,success,2
13.805593,12,51.65844,True,success,2
13.611261,9,51.662714,True,success,2
12.787736,6,51.666172,True,success,2
11.89916,4,51.668389,True,success,2
12.160721,11,51.737774,True,success,2
13.015878,7,51.741374,True,success,2
12.954975,7,51.74485,True,success,2
13.621875,11,51.750232,True,success,2
14.069781,10,51.754986,True,success,2
12.361079,5,51.757659,True,success,2
12.41328,7,51.761388,True,success,2
13.100894,7,51.764803,True,success,2
12.87312,10,51.769652,True,success,2
12.472641,6,51.772558,True,success,2
12.181657,24,51.783303,True,success,2
12.203266,6,51.786276,True,success,2
13.905966,7,51.790032,True,success,2
13.910624,8,51.794246,True,success,2
13.430813,15,51.800884,True,success,2
13.011099,11,51.806393,True,success,2
11.648088,8,51.810615,True,success,2
13.21643,10,51.814869,True,success,2
12.693495,14,51.82069,True,success,2
12.636198,11,51.825709,True,success,2
11.791032,6,51.82863,True,success,2
13.481231,27,51.839165,True,success,2
11.796072,9,51.843084,True,success,2
12.777056,6,51.846253,True,success,2
12.728427,5,51.84883,True,success,2
12.778125,8,51.853077,True,success,2
11.716567,8,51.917091,True,success,2
12.063331,5,51.91976,True,success,2
13.240116,17,51.926608,True,success,2
12.595567,13,51.932691,True,success,2
13.123548,11,51.937865,True,success,2
12.728427,5,51.940416,True,success,2
12.147287,5,51.944263,True,success,2
-4.202079,41,51.960958,False,stalled,2
12.91013,15,51.968327,True,success,2
12.860546,9,51.972697,True,success,2
13.846722,10,51.978082,True,success,2
12.367189,38,51.992301,True,success,2
13.786071,29,52.003122,True,success,2
13.905966,7,52.006705,True,success,2
12.874975,11,52.011485,True,success,2
12.777056,6,52.014381,True,success,2
12.728427,5,52.016932,True,success,2
11.388528,3,52.019049,True,success,2
14.071719,9,52.024821,True,success,2
12.591734,10,52.029579,True,success,2
-3.876797,33,52.102393,False,stalled,2
13.483145,8,52.106224,True,success,2
13.614597,14,52.112487,True,success,2
12.732583,10,52.117079,True,success,2
13.259224,16,52.123554,True,success,2
12.238796,12,52.129318,True,success,2
12.627,8,52.133184,True,success,2
13.928152,21,52.141743,True,success,2
11.866705,11,52.146945,True,success,2
11.407818,3,52.148822,True,success,2
13.18616,7,52.152667,True,success,2
12.225608,7,52.155953,True,success,2
13.01399,23,52.166124,True,success,2
12.744354,9,52.170265,True,success,2
12.183562,4,52.173414,True,success,2
11.89916,4,52.175757,True,success,2
12.183562,4,52.178145,True,success,2
12.710392,7,52.181394,True,success,2
14.069781,10,52.185795,True,success,2
12.602876,10,52.190417,True,success,2
11.807915,11,52.195267,True,success,2
13.331334,12,52.200413,True,success,2
11.410383,8,52.204175,True,success,2
13.004791,11,52.266639,True,success,2
13.371652,9,52.270827,True,success,2
12.087852,5,52.273413,True,success,2
12.244915,16,52.280448,True,success,2
12.728427,5,52.283232,True,success,2
12.493033,6,52.286159,True,success,2
12.954975,7,52.289639,True,success,2
13.410245,9,52.294084,True,success,2
12.755567,5,52.296971,True,success,2
13.844837,12,52.301918,True,success,2
14.219033,11,52.306702,True,success,2
12.067287,9,52.311346,True,success,2
-5.356449,58,52.333118,False,stalled,2
13.593589,20,52.341624,True,success,2
12.89846,7,52.345177,True,success,2
11.794575,35,52.358549,True,success,2
13.804597,7,52.361989,True,success,2
11.959608,4,52.364268,True,success,2
13.514778,28,52.375839,True,success,2
12.755567,5,52.437584,True,success,2
-1.25528,71,52.465359,False,stalled,2
13.005584,7,52.46895,True,success,2
13.835215,9,52.473197,True,success,2
12.74225,7,52.477352,True,success,2
13.267046,18,52.484862,True,success,2
13.611261,9,52.488889,True,success,2
12.144823,7,52.492773,True,success,2
13.910624,8,52.496342,True,success,2
14.134869,8,52.500532,True,success,2
-2.901879,53,52.520934,False,stalled,2
13.553103,22,52.53091,True,success,2
12.684801,14,52.536725,True,success,2
12.715567,7,52.540408,True,success,2
12.675567,9,52.544353,True,success,2
12.728427,5,52.605299,True,success,2
14.32432,12,52.610601,True,success,2
13.408452,9,52.614837,True,success,2
13.084791,7,52.618347,True,success,2
12.793553,10,52.622825,True,success,2
11.925588,17,52.629809,True,success,2
-1.363021,39,52.644026,False,stalled,2
13.847425,16,52.651388,True,success,2
13.484829,14,52.657287,True,success,2
-2.316942,51,52.67671,False,stalled,2
13.783894,12,52.682006,True,success,2
11.184777,19,52.689538,True,success,2
11.907906,19,52.697347,True,success,2
12.821794,34,52.775139,True,success,2
13.176996,11,52.779833,True,success,2
13.131169,8,52.784146,True,success,2
11.489623,7,52.787421,True,success,2
13.036987,9,52.791586,True,success,2
-1.19294,49,52.811169,False,stalled,2
13.784078,8,52.815064,True,success,2
14.030354,11,52.819947,True,success,2
13.713089,8,52.823724,True,success,2
12.285527,11,52.828566,True,success,2
13.905966,7,52.832174,True,success,2
14.139152,9,52.836055,True,success,2
-3.47822,33,52.848591,False,stalled,2
12.107477,60,52.871218,True,success,2
11.388528,3,52.873526,True,success,2
12.841073,11,52.878111,True,success,2
12.15239,22,52.946779,True,success,2
13.326602,13,52.952811,True,success,2
13.120602,33,52.965375,True,success,2
12.436464,54,52.98572,True,success,2
11.959608,4,52.988012,True,success,2
13.835215,9,52.992464,True,success,2
13.044791,9,52.996582,True,success,2
13.916842,12,53.001765,True,success,2
13.223097,52,53.021396,True,success,2
12.183562,4,53.023851,True,success,2
13.305443,10,53.028713,True,success,2
14.109628,11,53.033538,True,success,2
13.929914,8,53.037162,True,success,2
13.354862,13,53.04362,True,success,2
13.259568,26,53.116166,True,success,2
12.98082,7,53.11977,True,success,2
13.639479,8,53.12363,True,success,2
13.905966,7,53.126935,True,success,2
14.046797,15,53.133371,True,success,2
13.929914,8,53.137239,True,success,2
11.959608,4,53.13981,True,success,2
14.144486,12,53.145076,True,success,2
12.823529,8,53.14989,True,success,2
12.373863,5,53.153275,True,success,2
13.537223,23,53.163624,True,success,2
12.719093,10,53.16807,True,success,2
13.18616,7,53.171551,True,success,2
-2.408977,39,53.187263,False,stalled,2
14.212674,12,53.193323,True,success,2
12.361079,5,53.196462,True,success,2
13.371334,10,53.201313,True,success,2
11.685581,28,53.212017,True,success,2
12.570423,15,53.218003,True,success,2
13.329983,18,53.285388,True,success,2
13.756798,22,53.294159,True,success,2
12.556415,30,53.306254,True,success,2
-1.74332,36,53.32008,False,stalled,2
11.973261,10,53.32468,True,success,2
11.775427,7,53.328264,True,success,2
12.056374,10,53.332736,True,success,2
12.548427,14,53.338445,True,success,2
11.287818,9,53.342722,True,success,2
14.143725,10,53.347285,True,success,2
13.69591,28,53.358091,True,success,2
13.580485,11,53.362646,True,success,2
12.682876,6,53.365728,True,success,2
14.035423,11,53.370389,True,success,2
-2.976388,33,53.384263,False,stalled,2
13.300245,12,53.390261,True,success,2
11.617056,4,53.393134,True,success,2
12.063331,5,53.459573,True,success,2
12.728427,5,53.463454,True,success,2
12.546107,8,53.468396,True,success,2
13.944344,11,53.474766,True,success,2
11.402403,12,53.481481,True,success,2
13.329976,16,53.489666,True,success,2
12.918564,32,53.504988,True,success,2
11.959608,4,53.508044,True,success,2
13.406602,9,53.51344,True,success,2
11.407818,3,53.516012,True,success,2
11.762403,4,53.518992,True,success,2
13.648851,7,53.523268,True,success,2
12.253418,6,53.527903,True,success,2
12.597585,18,53.537265,True,success,2
12.728427,5,53.541112,True,success,2
13.905966,7,53.545824,True,success,2
12.168383,4,53.548872,True,success,2
13.83493,8,53.553607,True,success,2
13.414056,9,53.559443,True,success,2
-1.006219,43,53.578668,False,stalled,2
13.528206,39,53.595145,True,success,2
13.489983,10,53.672427,True,success,2
12.105608,13,53.679796,True,success,2
12.336929,9,53.685029,True,success,2
12.989565,6,53.688725,True,success,2
11.474113,6,53.692357,True,success,2
13.826886,25,53.704082,True,success,2
11.960054,9,53.709523,True,success,2
13.591521,13,53.716431,True,success,2
13.48117,7,53.72069,True,success,2
-1.618977,49,53.742725,False,stalled,2
-2.257362,54,53.766522,False,stalled,2
12.984791,12,53.772416,True,success,2
11.89327,12,53.778316,True,success,2
12.920258,7,53.782727,True,success,2
13.06275,7,53.787407,True,success,2
13.480029,17,53.795791,True,success,2
13.929914,8,53.873169,True,success,2
13.905966,7,53.877502,True,success,2
12.957765,18,53.884566,True,success,2
12.602876,10,53.889006,True,success,2
11.677746,12,53.895245,True,success,2
12.363085,22,53.906209,True,success,2
13.570282,8,53.912084,True,success,2
14.204833,15,53.919976,True,success,2
14.051465,8,53.924456,True,success,2
13.772016,12,53.930669,True,success,2
11.775277,10,53.936366,True,success,2
13.769914,16,53.94393,True,success,2
12.728427,5,53.947314,True,success,2
13.910624,8,53.952472,True,success,2
11.273969,45,53.97496,True,success,2
11.722403,6,53.979519,True,success,2
12.190609,7,53.984537,True,success,2
14.071719,9,53.989909,True,success,2
13.721007,19,53.999175,True,success,2
12.825828,9,54.003789,True,success,2
12.728427,5,54.081523,True,success,2
13.713089,8,54.085282,True,success,2
12.98082,7,54.089341,True,success,2
-4.972721,73,54.114621,False,stalled,2
11.74,3,54.116791,True,success,2
12.893377,7,54.12072,True,success,2
13.797824,9,54.124861,True,success,2
11.837746,4,54.126999,True,success,2
13.952479,12,54.132078,True,success,2
13.339741,11,54.137951,True,success,2
13.682616,15,54.144094,True,success,2
13.537374,11,54.148966,True,success,2
12.147287,5,54.151829,True,success,2
-2.526775,37,54.165946,False,stalled,2
12.183562,4,54.168379,True,success,2
14.26801,13,54.173804,True,success,2
11.857156,5,54.176363,True,success,2
12.143562,6,54.179929,True,success,2
11.970339,17,54.186798,True,success,2
11.969113,11,54.256024,True,success,2
-3.25535,49,54.274932,False,stalled,2
12.98082,7,54.278531,True,success,2
13.628903,18,54.286136,True,success,2
13.669371,8,54.289909,True,success,2
11.90454,6,54.292822,True,success,2
14.131401,9,54.296891,True,success,2
13.853894,11,54.302524,True,success,2
12.848558,18,54.30968,True,success,2
12.106362,6,54.312672,True,success,2
11.429623,10,54.317991,True,success,2
13.846189,9,54.322226,True,success,2
14.064474,17,54.328931,True,success,2
13.204017,6,54.332771,True,success,2
12.172834,12,54.337858,True,success,2
-2.717378,40,54.352603,False,stalled,2
13.07616,10,54.356977,True,success,2
-2.996251,34,54.426622,False,stalled,2
13.204017,6,54.429854,True,success,2
13.835966,8,54.433429,True,success,2
11.470383,5,54.436162,True,success,2
13.204017,6,54.439616,True,success,2
13.648602,18,54.446709,True,success,2
13.419224,8,54.450432,True,success,2
13.360808,10,54.455264,True,success,2
12.168383,4,54.457559,True,success,2
13.339741,11,54.462514,True,success,2
12.668427,8,54.466069,True,success,2
13.700988,12,54.472199,True,success,2
13.804597,7,54.475414,True,success,2
13.824391,9,54.479885,True,success,2
13.775759,10,54.484728,True,success,2
11.680685,7,54.488114,True,success,2
13.538206,32,54.500968,True,success,2
13.098459,8,54.504876,True,success,2
12.113562,5,54.507668,True,success,2
11.429623,10,54.51255,True,success,2
12.98082,7,54.515937,True,success,2
13.929914,8,54.519706,True,success,2
13.810559,12,54.5249,True,success,2
14.122861,13,54.530413,True,success,2
12.989565,6,54.533446,True,success,2
13.742445,7,54.536673,True,success,2
11.722859,7,54.597759,True,success,2
13.327496,15,54.604448,True,success,2
13.905966,7,54.608076,True,success,2
13.371652,9,54.612321,True,success,2
12.981665,6,54.615598,True,success,2
13.707684,30,54.627279,True,success,2
14.055442,17,54.63443,True,success,2
12.093126,7,54.638253,True,success,2
12.086876,12,54.643442,True,success,2
13.846189,9,54.647637,True,success,2
13.549371,14,54.653806,True,success,2
-4.291813,42,54.669195,False,stalled,2
13.510313,13,54.674685,True,success,2
12.554113,12,54.680325,True,success,2
11.613035,20,54.688036,True,success,2
12.66768,11,54.692785,True,success,2
13.204017,6,54.696295,True,success,2
11.729543,7,54.699702,True,success,2
-2.954628,62,54.779352,False,stalled,2
11.909893,5,54.782275,True,success,2
13.032325,13,54.788751,True,success,2
13.410245,9,54.792821,True,success,2
13.71216,13,54.798256,True,success,2
11.927915,5,54.801553,True,success,2
-1.88494,41,54.817987,False,stalled,2
13.70859,8,54.821734,True,success,2
14.262096,8,54.825641,True,success,2
11.682403,8,54.829201,True,success,2
11.959608,4,54.831715,True,success,2
12.115171,9,54.835656,True,success,2
12.945271,13,54.84117,True,success,2
12.02386,5,54.843752,True,success,2
-1.887405,36,54.858755,False,stalled,2
11.304093,5,54.861788,True,success,2
-1.271343,40,54.934464,False,stalled,2
13.41616,18,54.942773,True,success,2
-1.197999,56,54.962991,False,stalled,2
13.470313,15,54.970952,True,success,2
-2.312072,39,54.986505,False,stalled,2
13.618954,34,54.999946,True,success,2
11.489623,7,55.003463,True,success,2
11.74,3,55.005679,True,success,2
13.996672,18,55.013019,True,success,2
12.629463,10,55.017273,True,success,2
-1.115847,38,55.031672,False,stalled,2
12.292876,13,55.098352,True,success,2
13.70505,16,55.105402,True,success,2
12.386645,15,55.111769,True,success,2
12.643609,18,55.118801,True,success,2
11.383483,24,55.128832,True,success,2
13.419224,8,55.132571,True,success,2
12.066077,8,55.136914,True,success,2
12.11356,9,55.140917,True,success,2
12.688427,7,55.144355,True,success,2
13.231328,15,55.150525,True,success,2
12.380721,10,55.154853,True,success,2
11.635843,12,55.160003,True,success,2
-2.254701,37,55.174107,False,stalled,2
13.539568,12,55.17931,True,success,2
11.959608,4,55.182003,True,success,2
13.046993,7,55.185818,True,success,2
13.713089,8,55.189422,True,success,2
11.858028,12,55.19453,True,success,2
11.959608,4,55.197218,True,success,2
12.551106,13,55.202791,True,success,2
13.38859,24,55.269771,True,success,2
11.722403,6,55.273334,True,success,2
12.920258,7,55.27675,True,success,2
13.713089,8,55.280345,True,success,2
12.253418,6,55.283476,True,success,2
11.795843,4,55.28603,True,success,2
-3.400305,63,55.309628,False,stalled,2
13.758015,11,55.315241,True,success,2
13.900423,11,55.321295,True,success,2
13.584912,26,55.331262,True,success,2
13.454981,8,55.335078,True,success,2
12.91312,8,55.338835,True,success,2
11.704367,8,55.342432,True,success,2
-2.536603,59,55.364352,False,stalled,2
11.890966,8,55.368515,True,success,2
13.022543,9,55.622793,True,success,2
13.745635,12,55.627826,True,success,2
11.71386,18,55.634887,True,success,2
14.251789,11,55.640213,True,success,2
11.716937,5,55.642797,True,success,2
12.156077,6,55.645878,True,success,2
12.183562,4,55.648099,True,success,2
11.571222,19,55.656657,True,success,2
11.509623,6,55.659671,True,success,2
13.605478,9,55.663554,True,success,2
13.044597,45,55.681253,True,success,2
14.096464,10,55.686395,True,success,2
12.590161,17,55.693129,True,success,2
11.92721,19,55.701156,True,success,2
12.183562,4,55.703381,True,success,2
13.204017,6,55.706431,True,success,2
11.953073,17,55.713498,True,success,2
12.94082,9,55.717696,True,success,2
13.804597,7,55.721111,True,success,2
12.728427,5,55.723675,True,success,2
12.9,5,55.726309,True,success,2
12.815857,8,55.730621,True,success,2
12.98082,7,55.795645,True,success,2
11.508409,31,55.807722,True,success,2
13.084791,7,55.811193,True,success,2
12.976921,6,55.814073,True,success,2
13.791957,8,55.817819,True,success,2
11.622403,11,55.822945,True,success,2
13.56738,11,55.827677,True,success,2
13.713089,8,55.831379,True,success,2
11.722403,6,55.835037,True,success,2
13.448993,22,55.843391,True,success,2
-2.666638,35,55.856981,False,stalled,2
12.586107,6,55.860248,True,success,2
13.18616,7,55.863562,True,success,2
12.98082,7,55.868141,True,success,2
11.889397,5,55.870709,True,success,2
13.548056,8,55.874815,True,success,2
13.804597,7,55.87802,True,success,2
12.241728,8,55.882104,True,success,2
12.147082,9,55.886084,True,success,2
13.063091,35,55.899936,True,success,2
11.959608,4,55.90225,True,success,2
12.755567,5,55.904817,True,success,2
13.912083,23,55.971463,True,success,2
11.879608,8,55.97553,True,success,2
12.225608,7,55.978956,True,success,2
12.265608,5,55.981508,True,success,2
13.648851,7,55.984942,True,success,2
-1.539819,47,56.002815,False,stalled,2
11.94386,9,56.007389,True,success,2
13.282954,18,56.014681,True,success,2
11.959608,4,56.017352,True,success,2
12.728427,5,56.020549,True,success,2
13.759583,12,56.025972,True,success,2
13.968966,11,56.030546,True,success,2
14.128185,15,56.036789,True,success,2
13.18616,7,56.04021,True,success,2
12.88082,12,56.045192,True,success,2
11.682351,9,56.049907,True,success,2
12.682876,6,56.052927,True,success,2
12.802096,8,56.056531,True,success,2
12.779621,14,56.062309,True,success,2
14.248918,12,56.067553,True,success,2
11.73916,12,56.072493,True,success,2
12.744354,9,56.07657,True,success,2
12.183562,4,56.078973,True,success,2
12.093126,7,56.1422,True,success,2
12.801907,13,56.14769,True,success,2
11.407818,3,56.149605,True,success,2
12.878038,18,56.157546,True,success,2
-2.12594,83,56.187858,False,stalled,2
-1.839338,40,56.203028,False,stalled,2
13.338837,9,56.207237,True,success,2
13.639479,8,56.210921,True,success,2
11.679608,18,56.218499,True,success,2
11.514113,4,56.221016,True,success,2
12.750301,32,56.233337,True,success,2
12.064113,24,56.299704,True,success,2
12.949619,7,56.303195,True,success,2
12.665307,21,56.312231,True,success,2
13.751957,10,56.316588,True,success,2
13.778613,12,56.321786,True,success,2
12.697056,10,56.326353,True,success,2
12.107427,10,56.330683,True,success,2
13.804597,7,56.33421,True,success,2
12.225608,7,56.337703,True,success,2
13.804597,7,56.341218,True,success,2
13.644399,12,56.346613,True,success,2
12.909351,15,56.353401,True,success,2
-2.369445,37,56.367865,False,stalled,2
12.493033,6,56.371079,True,success,2
13.14616,9,56.375171,True,success,2
12.21974,6,56.378063,True,success,2
13.70859,8,56.38237,True,success,2
13.565035,13,56.387927,True,success,2
13.371201,9,56.391916,True,success,2
12.98082,7,56.395724,True,success,2
13.929914,8,56.399396,True,success,2
11.309623,16,56.405837,True,success,2
14.111411,15,56.412471,True,success,2
14.084737,19,56.480061,True,success,2
12.905632,6,56.483064,True,success,2
13.299675,18,56.490362,True,success,2
12.909884,10,56.494855,True,success,2
11.857156,5,56.497563,True,success,2
13.411201,7,56.501252,True,success,2
-0.658848,59,56.522458,False,stalled,2
-2.252148,34,56.536751,False,stalled,2
12.755567,5,56.539769,True,success,2
12.840258,11,56.5446,True,success,2
12.183562,4,56.547494,True,success,2
11.322914,23,56.55643,True,success,2
13.727978,17,56.564307,True,success,2
13.903487,18,56.571406,True,success,2
12.085843,5,56.574121,True,success,2
13.929914,8,56.578652,True,success,2
13.570282,8,56.582369,True,success,2
11.89916,4,56.643882,True,success,2
11.959608,4,56.646595,True,success,2
11.959608,4,56.648859,True,success,2
12.295533,35,56.662328,True,success,2
12.731971,15,56.669001,True,success,2
13.86146,10,56.673443,True,success,2
13.663439,20,56.681167,True,success,2
13.633949,9,56.685878,True,success,2
12.688427,7,56.689135,True,success,2
11.959608,4,56.691383,True,success,2
13.387586,10,56.69576,True,success,2
13.390566,27,56.705971,True,success,2
12.181079,14,56.711522,True,success,2
14.132147,13,56.717945,True,success,2
-5.190885,68,56.743108,False,stalled,2
13.238341,16,56.808722,True,success,2
12.864445,8,56.812547,True,success,2
12.992685,31,56.824962,True,success,2
-2.502703,36,56.838874,False,stalled,2
12.265608,5,56.841634,True,success,2
11.549623,4,56.843866,True,success,2
12.032824,13,56.849575,True,success,2
14.033319,11,56.855055,True,success,2
-1.637869,64,56.879129,False,stalled,2
13.506948,11,56.884607,True,success,2
12.728427,5,56.887311,True,success,2
11.719681,5,56.889987,True,success,2
12.941665,8,56.893858,True,success,2
13.584379,10,56.898125,True,success,2
13.005584,7,56.901584,True,success,2
13.746189,14,56.907292,True,success,2
-4.692117,60,56.993117,False,stalled,2
12.626023,8,56.996835,True,success,2
11.959608,4,56.999238,True,success,2
13.617068,20,57.009204,True,success,2
14.119152,10,57.013943,True,success,2
13.410588,12,57.020034,True,success,2
13.66169,20,57.027766,True,success,2
-2.941422,36,57.040855,False,stalled,2
11.795843,4,57.043217,True,success,2
11.954234,6,57.047089,True,success,2
12.470067,54,57.068073,True,success,2
13.508937,13,57.073279,True,success,2
-3.401889,61,57.155569,False,stalled,2
12.942694,7,57.159584,True,success,2
11.449623,9,57.163529,True,success,2
13.929914,8,57.16883,True,success,2
12.361079,5,57.171652,True,success,2
13.98889,14,57.177284,True,success,2
12.905632,6,57.18033,True,success,2
12.586645,5,57.183777,True,success,2
12.985755,6,57.186834,True,success,2
13.83677,12,57.191757,True,success,2
13.929914,8,57.195417,True,success,2
14.170071,11,57.200814,True,success,2
-1.928752,45,57.217171,False,stalled,2
13.806997,7,57.22067,True,success,2
11.959608,4,57.2229,True,success,2
12.706797,15,57.229581,True,success,2
13.14616,9,57.233593,True,success,2
11.762403,4,57.235886,True,success,2
11.835798,24,57.245568,True,success,2
12.885584,13,57.250969,True,success,2
12.800982,17,57.315109,True,success,2
13.169894,9,57.319803,True,success,2
12.363603,22,57.328279,True,success,2
11.791032,6,57.331378,True,success,2
12.939698,10,57.33618,True,success,2
13.015878,7,57.339576,True,success,2
11.573068,18,57.346678,True,success,2
11.982435,12,57.351964,True,success,2
11.507096,29,57.362658,True,success,2
13.857791,8,57.367481,True,success,2
11.959608,4,57.369766,True,success,2
13.791957,8,57.373533,True,success,2
13.074018,9,57.377543,True,success,2
12.684628,18,57.385608,True,success,2
13.091099,7,57.389046,True,success,2
13.331514,40,57.403772,True,success,2
14.481184,11,57.408761,True,success,2
13.053558,6,57.411946,True,success,2
14.046868,16,57.418319,True,success,2
11.790191,14,57.48252,True,success,2
12.006201,7,57.486466,True,success,2
-0.655513,60,57.509635,False,stalled,2
11.733094,9,57.51382,True,success,2
12.520549,15,57.520301,True,success,2
11.244093,8,57.523842,True,success,2
-2.50868,49,57.542046,False,stalled,2
13.409399,13,57.548228,True,success,2
13.374056,11,57.5528,True,success,2
12.144089,12,57.557837,True,success,2
13.409399,13,57.563956,True,success,2
13.905966,7,57.567392,True,success,2
12.865632,8,57.571075,True,success,2
13.891465,16,57.577745,True,success,2
-1.715759,37,57.649322,False,stalled,2
-2.351891,47,57.66741,False,stalled,2
12.589463,12,57.67291,True,success,2
12.949619,7,57.676146,True,success,2
13.905966,7,57.679596,True,success,2
13.992596,12,57.685273,True,success,2
13.78857,11,57.690009,True,success,2
12.168383,4,57.692409,True,success,2
11.762403,4,57.69461,True,success,2
12.772911,28,57.705124,True,success,2
11.89916,4,57.707611,True,success,2
11.762403,4,57.709867,True,success,2
12.755567,5,57.71242,True,success,2
-1.807406,46,57.72923,False,stalled,2
-4.82438,86,57.817639,False,stalled,2
13.870624,10,57.822935,True,success,2
11.545047,33,57.835591,True,success,2
13.173328,19,57.843354,True,success,2
13.718015,13,57.848778,True,success,2
12.577069,15,57.856061,True,success,2
13.741213,20,57.863935,True,success,2
11.622351,12,57.869254,True,success,2
12.699823,8,57.872994,True,success,2
14.042641,10,57.877386,True,success,2
12.976921,6,57.880781,True,success,2
12.107427,10,57.885569,True,success,2
14.126842,9,57.889751,True,success,2
13.282954,18,57.897064,True,success,2
13.806997,7,57.900423,True,success,2
12.085843,5,57.903028,True,success,2
13.489399,9,57.906929,True,success,2
11.762403,4,57.909293,True,success,2
11.613926,11,57.9143,True,success,2
13.476193,15,57.975893,True,success,2
13.904344,13,57.9814,True,success,2
11.529623,5,57.984143,True,success,2
12.954975,7,57.987857,True,success,2
13.929914,8,57.992263,True,success,2
13.02616,15,57.998249,True,success,2
13.835215,9,58.002255,True,success,2
11.90386,11,58.007798,True,success,2
13.776717,12,58.013126,True,success,2
13.025317,11,58.017797,True,success,2
12.728427,5,58.020747,True,success,2
12.755567,5,58.023302,True,success,2
-1.768331,40,58.038942,False,stalled,2
12.353858,46,58.05618,True,success,2
11.05352,26,58.066391,True,success,2
14.074257,9,58.070488,True,success,2
12.395356,30,58.142529,True,success,2
-1.445214,36,58.156292,False,stalled,2
13.005584,7,58.159904,True,success,2
12.728427,5,58.162489,True,success,2
14.522641,11,58.167207,True,success,2
13.044462,8,58.171525,True,success,2
13.929914,8,58.175436,True,success,2
11.617056,4,58.177682,True,success,2
12.755567,5,58.180483,True,success,2
14.134869,8,58.184057,True,success,2
13.910624,8,58.188367,True,success,2
12.989565,6,58.191517,True,success,2
11.743438,5,58.194837,True,success,2
13.910624,8,58.199032,True,success,2
14.096464,10,58.203558,True,success,2
13.419224,8,58.207296,True,success,2
11.89916,4,58.20954,True,success,2
13.864932,10,58.213881,True,success,2
11.959608,4,58.2167,True,success,2
13.428198,21,58.224821,True,success,2
-3.073116,38,58.23968,False,stalled,2
11.722403,6,58.242872,True,success,2
-2.118546,50,58.325251,False,stalled,2
11.662351,10,58.329786,True,success,2
12.079459,13,58.335356,True,success,2
12.02386,5,58.339056,True,success,2
14.132684,11,58.344153,True,success,2
11.967287,14,58.350089,True,success,2
12.506107,10,58.3553,True,success,2
12.183418,7,58.358795,True,success,2
13.081466,13,58.364437,True,success,2
12.264089,6,58.367978,True,success,2
12.989565,6,58.371025,True,success,2
13.981992,26,58.383001,True,success,2
13.764597,9,58.388555,True,success,2
13.411201,7,58.39241,True,success,2
11.617056,4,58.395252,True,success,2
11.85916,6,58.398791,True,success,2
11.617056,4,58.401426,True,success,2
12.063331,5,58.40411,True,success,2
13.670954,21,58.412899,True,success,2
12.265608,5,58.416189,True,success,2
12.755567,5,58.418756,True,success,2
13.460194,11,58.423932,True,success,2
13.350074,44,58.501076,True,success,2
12.985755,6,58.505199,True,success,2
14.069781,10,58.509612,True,success,2
13.83493,8,58.513758,True,success,2
13.742445,7,58.516978,True,success,2
12.755567,5,58.520422,True,success,2
13.700978,16,58.527245,True,success,2
13.810262,9,58.531402,True,success,2
12.006201,7,58.535787,True,success,2
13.994487,11,58.540812,True,success,2
13.584379,10,58.545098,True,success,2
13.299716,26,58.556092,True,success,2
13.411201,7,58.559307,True,success,2
13.528851,13,58.566024,True,success,2
13.341334,9,58.570514,True,success,2
13.905966,7,58.573924,True,success,2
11.57916,20,58.582355,True,success,2
13.324502,16,58.588998,True,success,2
14.051465,8,58.592842,True,success,2
12.010701,9,58.597548,True,success,2
-2.782932,66,58.683936,False,stalled,2
12.710392,7,58.687886,True,success,2
12.168383,4,58.690137,True,success,2
12.185608,9,58.694218,True,success,2
12.183562,4,58.696461,True,success,2
-3.866335,41,58.712751,False,stalled,2
12.905632,6,58.716233,True,success,2
14.059152,13,58.722051,True,success,2
13.32045,16,58.728766,True,success,2
12.168383,4,58.731546,True,success,2
13.989152,14,58.738051,True,success,2
13.648851,7,58.741548,True,success,2
12.668427,8,58.745557,True,success,2
11.327818,7,58.749441,True,success,2
14.262096,8,58.753406,True,success,2
12.728427,5,58.756159,True,success,2
12.755567,5,58.75899,True,success,2
-3.73471,48,58.777134,False,stalled,2
13.145107,32,58.847868,True,success,2
-3.79423,34,58.86117,False,stalled,2
13.062373,17,58.86895,True,success,2
-3.310563,55,58.889656,False,stalled,2
13.027508,19,58.897913,True,success,2
12.755567,5,58.901049,True,success,2
12.89846,7,58.904582,True,success,2
12.183562,4,58.906811,True,success,2
12.551734,12,58.91234,True,success,2
-2.539858,60,58.935395,False,stalled,2
11.74,3,58.93771,True,success,2
13.349103,33,58.951043,True,success,2
13.430808,9,59.020863,True,success,2
12.989565,6,59.024326,True,success,2
12.905632,6,59.027448,True,success,2
14.295878,11,59.032023,True,success,2
13.997199,17,59.039943,True,success,2
11.762403,4,59.042537,True,success,2
13.725537,8,59.047007,True,success,2
12.784272,22,59.057262,True,success,2
11.529623,5,59.060003,True,success,2
-1.723595,35,59.074277,False,stalled,2
11.837746,4,59.076688,True,success,2
12.913558,13,59.083626,True,success,2
13.013558,8,59.087252,True,success,2
11.314463,3,59.089603,True,success,2
13.858655,14,59.096328,True,success,2
13.835215,9,59.100372,True,success,2
13.889914,10,59.105181,True,success,2
11.89916,4,59.107415,True,success,2
13.132097,30,59.119271,True,success,2
12.828463,14,59.125462,True,success,2
12.985584,8,59.129803,True,success,2
12.728427,5,59.132699,True,success,2
11.407818,3,59.134607,True,success,2
14.394113,10,59.139689,True,success,2
14.079001,15,59.207477,True,success,2
14.045447,10,59.211895,True,success,2
12.239189,7,59.215952,True,success,2
11.959608,4,59.218576,True,success,2
11.959608,4,59.22176,True,success,2
12.231693,39,59.23733,True,success,2
12.593596,11,59.242203,True,success,2
11.661186,18,59.25059,True,success,2
12.941665,8,59.254143,True,success,2
-1.821972,72,59.283926,False,stalled,2
12.163266,8,59.287914,True,success,2
12.831742,21,59.296775,True,success,2
13.378837,7,59.300362,True,success,2
13.742445,7,59.30406,True,success,2
12.777056,6,59.307483,True,success,2
13.804597,7,59.311118,True,success,2
14.134869,8,59.314985,True,success,2
13.283512,16,59.38384,True,success,2
13.982641,13,59.389764,True,success,2
13.490588,8,59.3935,True,success,2
-1.979479,42,59.410483,False,stalled,2
-4.233515,60,59.433961,False,stalled,2
14.088195,10,59.438898,True,success,2
13.411334,8,59.4431,True,success,2
12.710392,7,59.446375,True,success,2
12.373863,5,59.449012,True,success,2
13.013558,8,59.452666,True,success,2
13.259741,15,59.459332,True,success,2
13.947211,15,59.465831,True,success,2
12.076686,15,59.472497,True,success,2
12.715567,7,59.475765,True,success,2
-2.756529,39,59.550267,False,stalled,2
13.213548,44,59.567274,True,success,2
12.981665,6,59.570812,True,success,2
14.061804,12,59.576689,True,success,2
13.084791,7,59.5802,True,success,2
11.529623,5,59.582933,True,success,2
12.345448,24,59.592066,True,success,2
13.724597,11,59.597588,True,success,2
13.447496,9,59.601608,True,success,2
13.991719,13,59.607054,True,success,2
11.907096,9,59.611463,True,success,2
11.195441,31,59.624078,True,success,2
13.032151,10,59.629247,True,success,2
11.78139,32,59.643284,True,success,2
-1.705961,52,59.729588,False,stalled,2
13.952479,12,59.735224,True,success,2
14.082638,13,59.74074,True,success,2
11.597056,5,59.74368,True,success,2
13.550813,9,59.747781,True,success,2
11.110383,23,59.758742,True,success,2
13.52532,25,59.769705,True,success,2
13.039702,13,59.775163,True,success,2
13.43479,13,59.781646,True,success,2
12.168383,4,59.784496,True,success,2
13.371201,9,59.788375,True,success,2
12.12846,7,59.792228,True,success,2
12.715567,7,59.796423,True,success,2
11.489623,7,59.800089,True,success,2
11.959608,4,59.802306,True,success,2
13.557867,13,59.808604,True,success,2
13.422369,14,59.814909,True,success,2
13.305579,14,59.821051,True,success,2
13.215808,10,59.826338,True,success,2
-2.779175,32,59.839042,False,stalled,2
12.546023,12,59.906122,True,success,2
13.733296,17,59.912888,True,success,2
12.728427,5,59.916282,True,success,2
14.052104,22,59.925632,True,success,2
12.954432,9,59.930252,True,success,2
13.551844,16,59.936784,True,success,2
12.803216,14,59.942536,True,success,2
13.377363,9,59.947207,True,success,2
14.031719,11,59.952496,True,success,2
-2.347254,52,59.974051,False,stalled,2
12.755567,5,59.977147,True,success,2
14.139152,9,59.981447,True,success,2
12.668323,25,59.992597,True,success,2
11.89916,4,59.995005,True,success,2
-1.985647,59,60.079086,False,stalled,2
13.491456,14,60.085815,True,success,2
13.572697,11,60.091292,True,success,2
12.479248,6,60.094231,True,success,2
13.565478,11,60.099607,True,success,2
-1.994493,35,60.114255,False,stalled,2
12.865828,7,60.118356,True,success,2
11.470383,5,60.120946,True,success,2
12.473033,7,60.124751,True,success,2
14.033319,11,60.129678,True,success,2
11.806415,8,60.133597,True,success,2
13.835215,9,60.137768,True,success,2
11.549623,4,60.140186,True,success,2
12.402291,23,60.150508,True,success,2
12.782663,7,60.154187,True,success,2
11.799803,11,60.159615,True,success,2
12.564801,20,60.167721,True,success,2
11.959608,4,60.170177,True,success,2
13.784078,8,60.17453,True,success,2
13.855626,13,60.180127,True,success,2
12.506083,20,60.188619,True,success,2
-1.48781,40,60.267236,False,stalled,2
12.168383,4,60.270006,True,success,2
13.595041,26,60.280783,True,success,2
13.911465,10,60.28569,True,success,2
13.925249,15,60.291986,True,success,2
12.265608,5,60.294698,True,success,2
12.183562,4,60.29722,True,success,2
13.634287,18,60.304406,True,success,2
11.89916,4,60.306665,True,success,2
13.008105,8,60.310224,True,success,2
14.259969,13,60.315782,True,success,2
13.593568,29,60.326908,True,success,2
14.313066,9,60.33079,True,success,2
12.183562,4,60.333211,True,success,2
13.660626,9,60.337119,True,success,2
13.378837,7,60.340689,True,success,2
12.901904,39,60.356947,True,success,2
13.100894,7,60.360765,True,success,2
13.758015,11,60.365315,True,success,2
13.259224,16,60.445492,True,success,2
12.183562,4,60.449632,True,success,2
12.981665,6,60.454079,True,success,2
13.608851,9,60.460136,True,success,2
12.728427,5,60.464556,True,success,2
11.857156,5,60.468647,True,success,2
-3.950882,52,60.498421,False,stalled,2
13.100894,7,60.503901,True,success,2
10.829844,84,60.548593,True,success,2
13.846189,9,60.554229,True,success,2
12.845632,9,60.560935,True,success,2
12.121607,7,60.566067,True,success,2
11.959608,4,60.569394,True,success,2
11.529623,5,60.573512,True,success,2
13.684174,22,60.586091,True,success,2
13.076726,33,60.683955,True,success,2
11.472256,5,60.687116,True,success,2
11.407818,3,60.689107,True,success,2
14.203605,14,60.69542,True,success,2
12.985755,6,60.698342,True,success,2
13.871545,14,60.704102,True,success,2
13.725537,8,60.707974,True,success,2
-1.70519,40,60.723109,False,stalled,2
-3.511092,37,60.738262,False,stalled,2
13.70859,8,60.742401,True,success,2
11.771032,7,60.745692,True,success,2
11.946215,26,60.75737,True,success,2
-1.826204,64,60.783628,False,stalled,2
12.785632,12,60.78892,True,success,2
11.959608,4,60.853132,True,success,2
12.006201,7,60.856443,True,success,2
11.837746,4,60.858808,True,success,2
12.233418,7,60.863681,True,success,2
13.842794,11,60.868971,True,success,2
11.959608,4,60.871173,True,success,2
12.949565,8,60.87513,True,success,2
12.728427,5,60.877725,True,success,2
11.716392,6,60.880824,True,success,2
12.110609,11,60.885418,True,success,2
-2.269434,70,60.913591,False,stalled,2
14.126797,11,60.918837,True,success,2
12.989565,6,60.922446,True,success,2
14.099152,11,60.928328,True,success,2
12.473033,7,60.931983,True,success,2
-3.148695,41,60.947993,False,stalled,2
-4.840676,42,60.964487,False,stalled,2
11.919303,7,61.028874,True,success,2
13.716883,10,61.034462,True,success,2
12.532729,32,61.04749,True,success,2
11.852726,9,61.051651,True,success,2
13.713089,8,61.055846,True,success,2
13.411201,7,61.059311,True,success,2
13.975384,10,61.064082,True,success,2
13.084791,7,61.067535,True,success,2
12.658751,18,61.075851,True,success,2
13.307286,22,61.084672,True,success,2
12.283043,33,61.097923,True,success,2
12.954975,7,61.101173,True,success,2
12.809478,13,61.106747,True,success,2
12.493033,6,61.10985,True,success,2
-3.618697,63,61.134353,False,stalled,2
-3.829171,53,61.221971,False,stalled,2
-2.461817,47,61.240386,False,stalled,2
13.828155,24,61.250456,True,success,2
13.411334,8,61.25419,True,success,2
12.907006,14,61.26032,True,success,2
13.83493,8,61.264468,True,success,2
13.804597,7,61.268198,True,success,2
13.624379,8,61.272413,True,success,2
13.905966,7,61.27585,True,success,2
11.959608,4,61.278419,True,success,2
14.071719,9,61.282713,True,success,2
13.910624,8,61.286574,True,success,2
13.847832,11,61.29172,True,success,2
13.940505,13,61.29746,True,success,2
11.797746,6,61.301145,True,success,2
12.143562,6,61.30441,True,success,2
13.518142,9,61.308468,True,success,2
12.931099,15,61.315539,True,success,2
12.873592,19,61.383212,True,success,2
12.473033,7,61.386513,True,success,2
11.762403,4,61.389553,True,success,2
12.110609,11,61.394552,True,success,2
13.005584,7,61.398091,True,success,2
12.345422,49,61.41685,True,success,2
-1.010631,44,61.435088,False,stalled,2
12.361079,5,61.437992,True,success,2
13.566669,8,61.441561,True,success,2
12.816921,14,61.447275,True,success,2
12.666023,6,61.451,True,success,2
14.065014,15,61.457093,True,success,2
13.86505,8,61.460691,True,success,2
12.666023,6,61.463767,True,success,2
12.133126,5,61.467216,True,success,2
13.340588,13,61.473076,True,success,2
12.253418,6,61.475998,True,success,2
11.916646,39,61.554473,True,success,2
12.831677,18,61.562869,True,success,2
13.308384,24,61.573079,True,success,2
13.381828,36,61.587695,True,success,2
13.667227,15,61.594328,True,success,2
13.663858,23,61.604595,True,success,2
13.608851,9,61.608554,True,success,2
12.265608,5,61.611273,True,success,2
11.795843,4,61.613516,True,success,2
13.896666,10,61.618671,True,success,2
11.05678,12,61.624441,True,success,2
14.255014,8,61.628103,True,success,2
12.881106,15,61.635312,True,success,2
13.18616,7,61.639129,True,success,2
11.959608,4,61.641408,True,success,2
12.147287,5,61.644235,True,success,2
13.670928,13,61.649818,True,success,2
12.685997,21,61.658525,True,success,2
12.728427,5,61.661505,True,success,2
11.76844,25,61.731699,True,success,2
13.472381,11,61.737103,True,success,2
-0.717436,50,61.757423,False,stalled,2
-1.114331,48,61.776299,False,stalled,2
13.136479,11,61.781492,True,success,2
12.168383,4,61.784342,True,success,2
11.795843,4,61.786715,True,success,2
12.821665,14,61.792943,True,success,2
14.020194,16,61.800213,True,success,2
12.825755,14,61.806411,True,success,2
12.825632,10,61.810989,True,success,2
12.056077,11,61.81595,True,success,2
13.948708,15,61.822359,True,success,2
12.361079,5,61.825199,True,success,2
13.524981,7,61.829328,True,success,2
14.051465,8,61.833462,True,success,2
11.407818,3,61.835418,True,success,2
13.211201,17,61.842203,True,success,2
13.713089,8,61.904715,True,success,2
14.262096,8,61.909167,True,success,2
12.168383,4,61.911523,True,success,2
12.318963,6,61.914629,True,success,2
11.327818,7,61.918639,True,success,2
12.197197,20,61.926918,True,success,2
13.80857,10,61.931689,True,success,2
11.324093,4,61.934651,True,success,2
12.755567,5,61.938169,True,success,2
12.165057,10,61.942661,True,success,2
11.183438,33,61.955636,True,success,2
11.939921,58,61.976386,True,success,2
11.959608,4,61.979268,True,success,2
11.407818,3,61.981637,True,success,2
12.777056,6,61.984821,True,success,2
11.795843,4,61.987359,True,success,2
13.604235,14,61.993623,True,success,2
12.701029,13,61.999994,True,success,2
13.804597,7,62.003286,True,success,2
12.337326,27,62.015129,True,success,2
12.479248,6,62.077522,True,success,2
11.517056,9,62.081797,True,success,2
-2.623254,36,62.096756,False,stalled,2
12.784354,7,62.100837,True,success,2
-1.84633,43,62.117747,False,stalled,2
12.586645,5,62.12054,True,success,2
14.126842,9,62.124959,True,success,2
-2.631137,66,62.149417,False,stalled,2
13.930178,20,62.157786,True,success,2
11.322805,22,62.167429,True,success,2
13.713089,8,62.170998,True,success,2
13.562096,28,62.183311,True,success,2
12.989097,14,62.250273,True,success,2
12.755567,5,62.253518,True,success,2
13.490588,8,62.2577,True,success,2
12.777056,6,62.260637,True,success,2
12.774284,17,62.268327,True,success,2
13.87175,13,62.274268,True,success,2
12.98082,7,62.278093,True,success,2
-3.476311,33,62.291482,False,stalled,2
12.779521,9,62.295871,True,success,2
13.929914,8,62.300036,True,success,2
12.755567,5,62.302581,True,success,2
-0.252896,100,62.340621,False,max_steps,2
11.427056,11,62.345607,True,success,2
-4.20447,32,62.418536,False,stalled,2
11.959608,4,62.420936,True,success,2
12.807258,6,62.424443,True,success,2
14.300648,14,62.430403,True,success,2
13.352384,18,62.438427,True,success,2
13.257496,16,62.445534,True,success,2
-1.8507,47,62.465517,False,stalled,2
11.407818,3,62.467568,True,success,2
13.18616,7,62.471111,True,success,2
13.517263,15,62.478096,True,success,2
11.901561,6,62.481039,True,success,2
12.35202,28,62.491663,True,success,2
11.959608,4,62.493936,True,success,2
13.027861,16,62.500366,True,success,2
13.611261,9,62.504321,True,success,2
14.165584,9,62.509766,True,success,2
11.863098,83,62.608334,True,success,2
12.479248,6,62.61178,True,success,2
11.89916,4,62.615555,True,success,2
13.075203,22,62.624368,True,success,2
-2.43733,56,62.646626,False,stalled,2
13.80857,10,62.651461,True,success,2
13.331659,8,62.655298,True,success,2
12.989565,6,62.658643,True,success,2
12.532603,5,62.661403,True,success,2
11.959608,4,62.663638,True,success,2
12.493033,6,62.667074,True,success,2
13.992568,14,62.673063,True,success,2
13.18616,7,62.676569,True,success,2
13.436411,19,62.684401,True,success,2
13.929914,8,62.689023,True,success,2
14.165584,9,62.693872,True,success,2
12.183562,4,62.696242,True,success,2
13.292337,14,62.701967,True,success,2
13.411201,7,62.705536,True,success,2
12.253418,6,62.708701,True,success,2
11.316114,9,62.776053,True,success,2
11.388528,3,62.778482,True,success,2
12.332032,14,62.785631,True,success,2
11.869893,7,62.789136,True,success,2
13.764778,33,62.803085,True,success,2
12.855857,6,62.806535,True,success,2
11.617056,4,62.808911,True,success,2
13.09787,25,62.820147,True,success,2
13.655759,16,62.827658,True,success,2
13.619754,10,62.832613,True,success,2
13.18616,7,62.836304,True,success,2
11.529623,5,62.83931,True,success,2
-4.915894,30,62.851711,False,stalled,2
13.102373,15,62.859451,True,success,2
13.955057,10,62.864306,True,success,2
13.164017,8,62.868702,True,success,2
13.175572,24,62.879313,True,success,2
11.367818,5,62.882598,True,success,2
13.036099,10,62.88791,True,success,2
13.707439,19,62.959414,True,success,2
11.762403,4,62.962086,True,success,2
11.965843,11,62.968967,True,success,2
14.042641,10,62.974695,True,success,2
14.121473,16,62.981977,True,success,2
13.940434,12,62.987291,True,success,2
13.804597,7,62.990559,True,success,2
12.985755,6,62.994686,True,success,2
13.692755,10,63.000086,True,success,2
12.112381,11,63.005773,True,success,2
12.139775,35,63.019172,True,success,2
12.774301,8,63.022858,True,success,2
11.407818,3,63.025305,True,success,2
13.084791,7,63.029302,True,success,2
12.777056,6,63.032189,True,success,2
11.354113,12,63.037451,True,success,2
13.760106,16,63.044152,True,success,2
12.085047,6,63.047246,True,success,2
12.05007,39,63.062294,True,success,2
13.106886,23,63.071226,True,success,2
14.070459,14,63.135922,True,success,2
11.244113,15,63.142232,True,success,2
11.407818,3,63.144339,True,success,2
13.775759,10,63.149071,True,success,2
13.348809,18,63.156303,True,success,2
11.799608,12,63.162143,True,success,2
13.751957,10,63.166588,True,success,2
14.071719,9,63.170485,True,success,2
12.224089,8,63.174232,True,success,2
-2.261308,37,63.188031,False,stalled,2
13.713089,8,63.19223,True,success,2
12.473033,7,63.195844,True,success,2
12.934705,7,63.199082,True,success,2
11.959608,4,63.20155,True,success,2
12.479248,6,63.204458,True,success,2
13.537547,10,63.210004,True,success,2
-2.952807,78,63.239076,False,stalled,2
11.387056,8,63.243439,True,success,2
-2.525263,52,63.329034,False,stalled,2
13.34407,29,63.34157,True,success,2
13.422875,14,63.348391,True,success,2
13.739017,20,63.35756,True,success,2
13.905966,7,63.362121,True,success,2
14.239033,10,63.367727,True,success,2
11.790885,19,63.377324,True,success,2
13.571261,11,63.382916,True,success,2
14.097211,10,63.387931,True,success,2
13.690971,16,63.395718,True,success,2
13.244879,19,63.405049,True,success,2
11.74454,14,63.412136,True,success,2
13.824391,9,63.417164,True,success,2
12.690565,28,63.430813,True,success,2
13.717693,13,63.508223,True,success,2
13.611261,9,63.513612,True,success,2
13.547196,9,63.519229,True,success,2
13.47232,20,63.529464,True,success,2
11.509623,6,63.533139,True,success,2
-4.595411,65,63.563181,False,stalled,2
13.659754,8,63.567672,True,success,2
-2.310333,41,63.58449,False,stalled,2
12.403168,8,63.588521,True,success,2
13.161466,9,63.592657,True,success,2
13.052973,13,63.598123,True,success,2
11.885507,10,63.60285,True,success,2
-3.836094,45,63.620332,False,stalled,2
11.654971,30,63.690341,True,success,2
12.837197,8,63.6949,True,success,2
13.411334,8,63.69883,True,success,2
13.015878,7,63.702635,True,success,2
13.18616,7,63.705878,True,success,2
11.445584,10,63.710599,True,success,2
-0.979823,39,63.725843,False,stalled,2
14.139152,9,63.730435,True,success,2
14.288528,8,63.733978,True,success,2
11.927915,5,63.736871,True,success,2
12.675857,10,63.742312,True,success,2
13.764597,9,63.746377,True,success,2
12.365224,44,63.763244,True,success,2
12.015608,10,63.767535,True,success,2
12.784354,7,63.771231,True,success,2
13.424183,8,63.774838,True,success,2
12.867585,7,63.778384,True,success,2
13.18616,7,63.78162,True,success,2
14.092577,16,63.788378,True,success,2
12.104912,30,63.861018,True,success,2
13.910624,8,63.864727,True,success,2
14.139152,9,63.869019,True,success,2
13.791957,8,63.872592,True,success,2
14.091007,9,63.877421,True,success,2
12.755567,5,63.880002,True,success,2
12.755567,5,63.882775,True,success,2
13.545073,15,63.88885,True,success,2
11.470383,5,63.891971,True,success,2
-1.547473,40,63.907671,False,stalled,2
13.656714,19,63.916087,True,success,2
13.584379,10,63.920601,True,success,2
11.782786,6,63.924387,True,success,2
12.728427,5,63.926987,True,success,2
10.591273,40,63.94261,True,success,2
12.177117,5,63.945683,True,success,2
13.910624,8,63.949332,True,success,2
-1.423297,62,64.055003,False,stalled,2
-2.194509,45,64.078951,False,stalled,2
13.624379,8,64.083529,True,success,2
13.489399,9,64.087655,True,success,2
13.428937,17,64.095499,True,success,2
12.777056,6,64.099264,True,success,2
12.974432,8,64.104226,True,success,2
13.911719,12,64.110049,True,success,2
13.403479,18,64.118286,True,success,2
13.742445,7,64.122027,True,success,2
13.344734,13,64.128058,True,success,2
12.183562,4,64.130508,True,success,2
13.713089,8,64.135259,True,success,2
13.804597,7,64.139508,True,success,2
13.730971,14,64.146129,True,success,2
11.74,3,64.148187,True,success,2
10.568717,53,64.170279,True,success,2
-3.346382,35,64.254385,False,stalled,2
13.601957,15,64.262026,True,success,2
13.659754,8,64.267051,True,success,2
13.889914,10,64.272874,True,success,2
12.473033,7,64.277026,True,success,2
13.96173,8,64.281586,True,success,2
13.204017,6,64.285429,True,success,2
12.627571,10,64.291653,True,success,2
12.222135,18,64.30043,True,success,2
12.905632,6,64.304379,True,success,2
12.69153,28,64.315237,True,success,2
13.450588,10,64.320329,True,success,2
14.014854,14,64.326139,True,success,2
13.690325,19,64.335234,True,success,2
11.536686,42,64.352781,True,success,2
11.348528,5,64.35558,True,success,2
11.304156,14,64.361948,True,success,2
13.806189,11,64.425487,True,success,2
13.784078,8,64.429313,True,success,2
-2.464018,35,64.443109,False,stalled,2
13.777223,11,64.448231,True,success,2
12.183562,4,64.450833,True,success,2
11.945047,13,64.457468,True,success,2
13.27314,23,64.467523,True,success,2
13.490588,8,64.472824,True,success,2
12.227321,29,64.486005,True,success,2
11.762403,4,64.488335,True,success,2
12.911665,7,64.492071,True,success,2
13.949781,16,64.499313,True,success,2
13.957197,9,64.50329,True,success,2
12.085843,5,64.506057,True,success,2
12.03956,6,64.509065,True,success,2
12.755567,5,64.511827,True,success,2
12.599829,15,64.51824,True,success,2
13.608851,9,64.522625,True,success,2
12.755567,5,64.525193,True,success,2
12.704354,11,64.530666,True,success,2
13.102313,27,64.601536,True,success,2
13.791957,8,64.606194,True,success,2
13.361154,22,64.615019,True,success,2
11.407818,3,64.617282,True,success,2
11.804234,11,64.622445,True,success,2
13.54857,23,64.631373,True,success,2
-3.253372,57,64.652096,False,stalled,2
11.682403,8,64.656041,True,success,2
11.388528,3,64.658001,True,success,2
12.505706,15,64.66509,True,success,2
12.985755,6,64.668453,True,success,2
13.406602,9,64.672718,True,success,2
14.262096,8,64.676537,True,success,2
11.812726,11,64.681981,True,success,2
-3.377063,58,64.704825,False,stalled,2
11.987096,5,64.707876,True,success,2
13.907665,22,64.778264,True,success,2
13.80841,20,64.787537,True,success,2
11.959608,4,64.789881,True,success,2
14.100071,12,64.795045,True,success,2
13.766997,9,64.799478,True,success,2
12.848066,43,64.816921,True,success,2
12.21974,6,64.820248,True,success,2
12.855857,6,64.823181,True,success,2
12.937735,8,64.827084,True,success,2
12.433033,9,64.831365,True,success,2
13.661875,9,64.835799,True,success,2
13.081466,13,64.841568,True,success,2
12.085843,5,64.844141,True,success,2
12.856249,8,64.848795,True,success,2
13.211652,17,64.855679,True,success,2
12.728427,5,64.85827,True,success,2
-1.251186,39,64.873475,False,stalled,2
11.144978,46,64.949858,True,success,2
13.730624,17,64.956902,True,success,2
13.758015,11,64.961649,True,success,2
12.982373,21,64.969996,True,success,2
13.157982,27,64.980458,True,success,2
12.156408,10,64.985559,True,success,2
11.360685,23,64.994652,True,success,2
13.244829,26,65.004968,True,success,2
12.989565,6,65.008384,True,success,2
12.165297,23,65.017978,True,success,2
13.451678,12,65.023222,True,success,2
-2.665936,78,65.110684,False,stalled,2
12.777056,6,65.113749,True,success,2
12.851652,30,65.126157,True,success,2
12.715567,7,65.12943,True,success,2
-3.317927,55,65.15047,False,stalled,2
11.702403,7,65.154421,True,success,2
-0.736898,38,65.169016,False,stalled,2
12.479248,6,65.172128,True,success,2
11.959608,4,65.174501,True,success,2
13.921058,16,65.181133,True,success,2
12.265608,5,65.183693,True,success,2
13.669681,9,65.187929,True,success,2
14.262096,8,65.191493,True,success,2
12.785632,12,65.196869,True,success,2
13.262373,7,65.200258,True,success,2
12.94082,9,65.204281,True,success,2
12.223746,9,65.208383,True,success,2
13.65003,10,65.214072,True,success,2
13.04616,14,65.277641,True,success,2
11.959608,4,65.27998,True,success,2
12.655525,19,65.288108,True,success,2
11.722403,6,65.291245,True,success,2
12.330721,10,65.29546,True,success,2
14.517056,9,65.299621,True,success,2
12.361079,5,65.302972,True,success,2
13.86505,8,65.307001,True,success,2
12.45394,28,65.319382,True,success,2
-1.725103,63,65.343433,False,stalled,2
13.053558,6,65.347039,True,success,2
13.18616,7,65.350684,True,success,2
12.728427,5,65.353573,True,success,2
12.550392,15,65.360041,True,success,2
-3.842296,48,65.380544,False,stalled,2
13.129698,39,65.466978,True,success,2
12.265608,5,65.471066,True,success,2
12.183562,4,65.474058,True,success,2
13.252629,15,65.480905,True,success,2
13.905966,7,65.484873,True,success,2
13.824842,12,65.490206,True,success,2
-4.151006,40,65.506469,False,stalled,2
12.183562,4,65.509164,True,success,2
11.549623,4,65.511444,True,success,2
-2.509777,67,65.536507,False,stalled,2
11.89916,4,65.538892,True,success,2
12.655528,9,65.543178,True,success,2
12.037875,7,65.546555,True,success,2
-3.651575,90,65.638806,False,stalled,2
11.58454,22,65.647478,True,success,2
13.86505,8,65.651905,True,success,2
13.204017,6,65.655121,True,success,2
13.524981,7,65.65854,True,success,2
13.624379,8,65.662203,True,success,2
12.805632,11,65.667238,True,success,2
11.743438,5,65.669805,True,success,2
12.193418,9,65.674045,True,success,2
12.557069,21,65.682864,True,success,2
13.411201,7,65.686254,True,success,2
13.844214,9,65.690324,True,success,2
14.069781,10,65.695071,True,success,2
12.192381,7,65.698931,True,success,2
11.826374,19,65.706458,True,success,2
13.18616,7,65.710497,True,success,2
12.802096,8,65.714444,True,success,2
12.152381,9,65.718358,True,success,2
12.308217,13,65.723851,True,success,2
12.046201,5,65.727533,True,success,2
13.634781,9,65.731669,True,success,2
14.262096,8,65.735468,True,success,2
13.382369,16,65.801365,True,success,2
13.06275,7,65.805583,True,success,2
11.573926,13,65.810908,True,success,2
12.69082,19,65.819688,True,success,2
12.985755,6,65.822682,True,success,2
12.319761,25,65.832789,True,success,2
11.857156,5,65.835371,True,success,2
13.782096,32,65.848505,True,success,2
11.625209,18,65.855768,True,success,2
12.314569,39,65.8713,True,success,2
12.755567,5,65.874015,True,success,2
12.742663,9,65.878158,True,success,2
11.959608,4,65.88048,True,success,2
11.795843,4,65.882825,True,success,2
13.420588,9,65.886737,True,success,2
12.755567,5,65.889434,True,success,2
13.01515,12,65.895427,True,success,2
13.062543,7,65.898756,True,success,2
12.052381,14,65.904636,True,success,2
13.751957,10,65.90984,True,success,2
12.777056,6,65.969453,True,success,2
12.900546,7,65.973044,True,success,2
13.525966,26,65.985207,True,success,2
13.66169,15,65.991367,True,success,2
-1.752851,56,66.01371,False,stalled,2
13.585966,23,66.023166,True,success,2
12.991659,25,66.032802,True,success,2
-1.577755,40,66.04827,False,stalled,2
12.728427,5,66.05114,True,success,2
11.617056,4,66.053355,True,success,2
14.262096,8,66.057646,True,success,2
12.755567,5,66.060176,True,success,2
12.608182,31,66.072827,True,success,2
13.756095,8,66.077606,True,success,2
13.86505,8,66.141506,True,success,2
12.867069,8,66.145346,True,success,2
13.341486,15,66.151979,True,success,2
12.265608,5,66.154562,True,success,2
12.585857,17,66.161315,True,success,2
13.696203,28,66.17192,True,success,2
12.02386,5,66.174613,True,success,2
11.617056,4,66.176877,True,success,2
13.165996,15,66.183972,True,success,2
11.96846,15,66.190214,True,success,2
-2.669856,56,66.211507,False,stalled,2
12.651371,14,66.217403,True,success,2
11.878777,5,66.219994,True,success,2
11.959608,4,66.222409,True,success,2
11.927915,5,66.225582,True,success,2
13.005584,7,66.229184,True,success,2
14.165584,9,66.233104,True,success,2
12.625142,16,66.239992,True,success,2
11.640025,15,66.247086,True,success,2
13.624379,8,66.309541,True,success,2
11.617056,4,66.312027,True,success,2
13.18616,7,66.315898,True,success,2
13.331652,11,66.321212,True,success,2
12.168383,4,66.323456,True,success,2
12.085843,5,66.326246,True,success,2
12.782543,21,66.335567,True,success,2
11.990701,10,66.340216,True,success,2
13.204017,6,66.343228,True,success,2
12.681967,25,66.353534,True,success,2
12.985755,6,66.356553,True,success,2
13.406297,12,66.361947,True,success,2
14.219033,11,66.36654,True,success,2
12.087537,6,66.369892,True,success,2
-3.729045,32,66.382178,False,stalled,2
13.428809,14,66.387952,True,success,2
12.8192,9,66.392522,True,success,2
13.371334,10,66.397211,True,success,2
13.905966,7,66.400442,True,success,2
11.762403,4,66.402914,True,success,2
14.179969,17,66.409935,True,success,2
12.865632,8,66.413548,True,success,2
-1.622981,55,66.497037,False,stalled,2
12.949884,8,66.501343,True,success,2
13.713089,8,66.504906,True,success,2
12.6992,15,66.5113,True,success,2
13.3352,29,66.522686,True,success,2
13.752501,18,66.530402,True,success,2
12.054823,14,66.536185,True,success,2
14.284447,10,66.540587,True,success,2
13.96173,8,66.544688,True,success,2
-2.364772,42,66.560713,False,stalled,2
-1.65115,62,66.58348,False,stalled,2
12.560549,13,66.646356,True,success,2
12.635567,11,66.652257,True,success,2
12.728427,5,66.65489,True,success,2
12.985755,6,66.65778,True,success,2
14.086678,20,66.666758,True,success,2
13.624379,8,66.670396,True,success,2
13.100894,7,66.67393,True,success,2
12.528427,15,66.68021,True,success,2
12.107287,7,66.683531,True,success,2
-3.548845,62,66.706414,False,stalled,2
13.65821,23,66.716209,True,success,2
13.246602,17,66.723245,True,success,2
-2.37655,37,66.739345,False,stalled,2
13.875053,9,66.74502,True,success,2
11.180383,17,66.754622,True,success,2
12.096374,8,66.759487,True,success,2
13.024791,10,66.832622,True,success,2
12.92082,10,66.837106,True,success,2
12.755567,5,66.839896,True,success,2
11.388528,3,66.841888,True,success,2
12.889478,9,66.847079,True,success,2
13.378837,7,66.851506,True,success,2
13.738246,18,66.859108,True,success,2
14.258561,13,66.865403,True,success,2
13.611261,9,66.869555,True,success,2
12.07307,12,66.874644,True,success,2
13.833606,10,66.880184,True,success,2
14.139152,9,66.88457,True,success,2
13.866126,14,66.891012,True,success,2
13.640029,9,66.895443,True,success,2
11.549623,4,66.897786,True,success,2
12.883296,9,66.901854,True,success,2
12.840258,11,66.906712,True,success,2
13.406602,9,66.91132,True,success,2
13.319012,25,66.922025,True,success,2
13.371652,9,66.92674,True,success,2
11.755843,6,66.929907,True,success,2
13.406602,9,66.934268,True,success,2
13.019605,11,66.939393,True,success,2
14.056842,10,66.943826,True,success,2
13.999781,11,66.948478,True,success,2
11.795843,4,66.951229,True,success,2
13.028487,7,67.01411,True,success,2
14.053818,10,67.018655,True,success,2
13.558839,23,67.029359,True,success,2
13.21643,10,67.034126,True,success,2
-1.534783,37,67.048956,False,stalled,2
11.925997,44,67.066208,True,success,2
13.831458,12,67.071512,True,success,2
13.824391,9,67.076386,True,success,2
-1.028935,50,67.094966,False,stalled,2
13.971719,14,67.101085,True,success,2
11.762403,4,67.103603,True,success,2
13.929914,8,67.107519,True,success,2
12.63925,11,67.112682,True,success,2
12.103418,11,67.117546,True,success,2
13.807704,15,67.18516,True,success,2
12.728427,5,67.188092,True,success,2
13.18616,7,67.191381,True,success,2
-2.032135,36,67.206538,False,stalled,2
13.793464,24,67.217351,True,success,2
12.586645,5,67.220008,True,success,2
13.337657,11,67.225289,True,success,2
-2.848927,36,67.238796,False,stalled,2
12.787736,6,67.242609,True,success,2
13.624379,8,67.246346,True,success,2
-0.811264,46,67.264405,False,stalled,2
12.909565,10,67.268892,True,success,2
-2.38129,34,67.28255,False,stalled,2
12.192381,7,67.286322,True,success,2
11.642397,10,67.290798,True,success,2
12.408217,8,67.352435,True,success,2
12.785828,11,67.35781,True,success,2
11.256114,12,67.363828,True,success,2
13.75493,12,67.369482,True,success,2
13.87406,16,67.377077,True,success,2
13.761992,10,67.381794,True,success,2
12.707736,10,67.386819,True,success,2
14.172104,16,67.393999,True,success,2
13.871458,10,67.398924,True,success,2
13.053558,6,67.402146,True,success,2
11.388528,3,67.40439,True,success,2
11.838629,7,67.408109,True,success,2
12.728427,5,67.411403,True,success,2
12.168383,4,67.413678,True,success,2
13.819152,15,67.419811,True,success,2
11.692403,5,67.422993,True,success,2
-3.831095,32,67.435237,False,stalled,2
-3.35993,35,67.449754,False,stalled,2
11.959608,4,67.453011,True,success,2
13.341148,18,67.460524,True,success,2
11.549623,4,67.462777,True,success,2
11.813068,6,67.465961,True,success,2
13.648851,7,67.469781,True,success,2
12.265608,5,67.536385,True,success,2
12.920258,7,67.53978,True,success,2
12.728427,5,67.543393,True,success,2
13.851382,9,67.547722,True,success,2
12.087537,6,67.550969,True,success,2
13.852526,13,67.556557,True,success,2
13.167879,24,67.566285,True,success,2
13.149224,19,67.574339,True,success,2
0.097115,38,67.590053,False,stalled,2
13.444879,9,67.595264,True,success,2
12.062873,18,67.603157,True,success,2
11.658383,27,67.6138,True,success,2
13.204017,6,67.616728,True,success,2
11.489623,7,67.62066,True,success,2
-0.314172,46,67.638479,False,stalled,2
11.624367,12,67.64385,True,success,2
13.605478,9,67.648258,True,success,2
13.315302,13,67.71567,True,success,2
-1.038364,37,67.729956,False,stalled,2
12.905683,15,67.736429,True,success,2
12.779673,15,67.742988,True,success,2
11.867096,11,67.74759,True,success,2
12.787736,6,67.75069,True,success,2
13.18616,7,67.753899,True,success,2
13.252697,27,67.765367,True,success,2
-0.529113,51,67.786094,False,stalled,2
13.648851,7,67.789534,True,success,2
-1.887146,34,67.804121,False,stalled,2
12.787736,6,67.807624,True,success,2
11.562403,14,67.813541,True,success,2
12.579059,21,67.883278,True,success,2
13.490588,8,67.887085,True,success,2
13.870624,10,67.892696,True,success,2
13.851465,18,67.90028,True,success,2
13.595905,18,67.908109,True,success,2
11.64571,8,67.911982,True,success,2
13.882794,9,67.916129,True,success,2
12.728427,5,67.918684,True,success,2
13.939152,19,67.927176,True,success,2
12.053586,8,67.931032,True,success,2
11.635843,12,67.936003,True,success,2
12.07974,13,67.94158,True,success,2
13.837686,17,67.948424,True,success,2
13.86505,8,67.95257,True,success,2
12.865828,7,67.955999,True,success,2
13.039899,7,67.960015,True,success,2
13.508809,10,67.964619,True,success,2
13.411201,7,67.968782,True,success,2
-3.41332,40,67.986445,False,stalled,2
11.407818,3,67.989025,True,success,2
12.905632,6,67.992069,True,success,2
13.739411,11,67.997953,True,success,2
11.624367,12,68.063512,True,success,2
14.262096,8,68.067215,True,success,2
13.655107,9,68.071968,True,success,2
13.634781,9,68.076366,True,success,2
13.830537,10,68.08068,True,success,2
12.21974,6,68.083857,True,success,2
13.953319,15,68.090655,True,success,2
12.183562,4,68.092919,True,success,2
14.051719,10,68.097403,True,success,2
11.762403,4,68.099633,True,success,2
11.795843,4,68.101871,True,success,2
11.90974,19,68.110997,True,success,2
12.253749,9,68.114916,True,success,2
-2.943494,82,68.145517,False,stalled,2
12.928487,12,68.151863,True,success,2
13.70859,8,68.156638,True,success,2
13.648851,7,68.160462,True,success,2
11.81916,8,68.164194,True,success,2
13.990739,17,68.171556,True,success,2
13.678717,16,68.245533,True,success,2
12.170008,28,68.257252,True,success,2
11.751302,7,68.262355,True,success,2
11.407818,3,68.265919,True,success,2
13.430624,32,68.28268,True,success,2
13.933013,11,68.289165,True,success,2
13.204017,6,68.292765,True,success,2
12.027287,11,68.297933,True,success,2
12.98082,7,68.301837,True,success,2
13.145244,8,68.306026,True,success,2
-2.513373,59,68.329389,False,stalled,2
13.18616,7,68.33413,True,success,2
-2.510684,71,68.422866,False,stalled,2
11.497056,10,68.427607,True,success,2
12.989565,6,68.430817,True,success,2
14.01177,11,68.435531,True,success,2
13.713089,8,68.439937,True,success,2
12.989565,6,68.443317,True,success,2
12.233418,7,68.446772,True,success,2
13.713733,11,68.451605,True,success,2
12.985755,6,68.454888,True,success,2
13.804597,7,68.458765,True,success,2
13.804597,7,68.461985,True,success,2
13.587625,14,68.46779,True,success,2
13.735759,12,68.473756,True,success,2
11.797746,6,68.476808,True,success,2
14.139152,9,68.481165,True,success,2
13.069586,9,68.485912,True,success,2
11.92956,9,68.489823,True,success,2
11.324093,4,68.492273,True,success,2
13.100894,7,68.495559,True,success,2
13.929914,8,68.499368,True,success,2
13.994917,12,68.50503,True,success,2
13.929914,8,68.50913,True,success,2
13.010224,6,68.512056,True,success,2
13.520106,28,68.523684,True,success,2
11.959608,4,68.526003,True,success,2
13.713089,8,68.530588,True,success,2
13.791957,8,68.534827,True,success,2
13.624379,8,68.538639,True,success,2
12.719105,6,68.541911,True,success,2
14.079113,14,68.611258,True,success,2
14.248918,12,68.616247,True,success,2
12.096374,8,68.620001,True,success,2
12.150779,12,68.625935,True,success,2
13.910624,8,68.629512,True,success,2
13.669371,8,68.633397,True,success,2
11.617156,17,68.641128,True,success,2
13.629681,11,68.646437,True,success,2
11.685988,45,68.664768,True,success,2
11.321042,30,68.677723,True,success,2
13.083474,8,68.681818,True,success,2
13.100894,7,68.685219,True,success,2
11.927915,5,68.688361,True,success,2
11.427156,24,68.701562,True,success,2
12.063331,5,68.704539,True,success,2
12.950318,15,68.712031,True,success,2
13.370245,11,68.718573,True,success,2
13.611261,9,68.723808,True,success,2
12.02386,5,68.726429,True,success,2
-2.557954,36,68.80188,False,out_of_bounds,2
13.744391,13,68.808318,True,success,2
14.262096,8,68.812674,True,success,2
11.762403,4,68.815034,True,success,2
11.959608,4,68.817251,True,success,2
12.381692,8,68.821655,True,success,2
12.722911,18,68.830571,True,success,2
11.559681,13,68.838554,True,success,2
12.823529,8,68.842987,True,success,2
11.407818,3,68.844886,True,success,2
13.5762,32,68.859325,True,success,2
13.564095,17,68.866844,True,success,2
-2.917945,40,68.882259,False,stalled,2
12.953592,35,68.896135,True,success,2
13.114018,7,68.899634,True,success,2
13.923177,14,68.905741,True,success,2
11.557056,7,68.971174,True,success,2
11.514113,4,68.973812,True,success,2
13.646209,26,68.983654,True,success,2
-1.895543,55,69.005049,False,stalled,2
13.830624,12,69.010212,True,success,2
12.879884,9,69.014903,True,success,2
14.011007,13,69.02067,True,success,2
12.249962,13,69.026143,True,success,2
12.688427,7,69.029896,True,success,2
11.837746,4,69.03273,True,success,2
13.684095,11,69.037952,True,success,2
12.393033,11,69.042829,True,success,2
12.493033,6,69.045746,True,success,2
12.688427,7,69.049712,True,success,2
12.989565,6,69.052655,True,success,2
12.17974,8,69.056454,True,success,2
11.954234,6,69.059355,True,success,2
-3.12663,47,69.077157,False,stalled,2
13.345579,12,69.141889,True,success,2
11.890966,8,69.145767,True,success,2
12.755567,5,69.148365,True,success,2
13.742445,7,69.151649,True,success,2
11.89916,4,69.154322,True,success,2
11.639681,9,69.158278,True,success,2
12.675567,9,69.162458,True,success,2
13.751957,10,69.166901,True,success,2
11.89916,4,69.169421,True,success,2
12.9,5,69.172601,True,success,2
13.624379,8,69.176516,True,success,2
12.233418,7,69.180034,True,success,2
11.959608,4,69.182532,True,success,2
-2.886452,43,69.199186,False,stalled,2
13.411334,8,69.203548,True,success,2
13.624379,8,69.207132,True,success,2
14.157199,9,69.211287,True,success,2
13.490588,8,69.215579,True,success,2
12.880258,9,69.219961,True,success,2
11.762403,4,69.222431,True,success,2
-1.204831,44,69.239367,False,stalled,2
11.837746,4,69.241768,True,success,2
13.704912,20,69.251197,True,success,2
12.895525,7,69.254428,True,success,2
12.656966,10,69.258882,True,success,2
12.21974,6,69.324532,True,success,2
12.939948,8,69.328392,True,success,2
14.14518,16,69.334922,True,success,2
12.775857,10,69.3399,True,success,2
11.617056,4,69.342188,True,success,2
13.79493,10,69.347274,True,success,2
13.910624,8,69.351097,True,success,2
13.955382,8,69.355231,True,success,2
-2.41094,44,69.371927,False,stalled,2
12.763419,12,69.377289,True,success,2
12.466107,12,69.382906,True,success,2
13.371201,9,69.387154,True,success,2
-1.158755,41,69.40293,False,stalled,2
13.449399,11,69.407547,True,success,2
13.608851,9,69.411775,True,success,2
13.18616,7,69.415452,True,success,2
