#{"t_start": 1789637517.9643934, "env_id": "None"}
r,l,t,is_success,terminal_reason,stage
11.311732,28,1.069685,True,success,0
-7.178266,30,1.08083,False,stalled,0
-6.543613,33,1.09267,False,stalled,0
-6.094992,32,1.104746,False,stalled,0
-4.645334,40,1.118977,False,stalled,0
-7.473785,30,1.129686,False,stalled,0
-6.862151,65,1.211678,False,stalled,0
-5.139596,74,1.237467,False,stalled,0
-7.079635,30,1.248461,False,stalled,0
-3.986887,31,1.260761,False,stalled,0
-3.805857,60,1.281473,False,stalled,0
-8.240699,38,1.295074,False,stalled,0
-5.821839,39,1.366663,False,stalled,0
-6.608131,42,1.381797,False,stalled,0
-7.377423,31,1.393035,False,stalled,0
11.598377,21,1.400882,True,success,0
-6.71873,31,1.41283,False,stalled,0
-3.610107,31,1.42398,False,stalled,0
-7.246312,30,1.434906,False,stalled,0
-5.604631,30,1.445801,False,stalled,0
-8.79783,38,1.517707,False,stalled,0
-7.162031,37,1.531524,False,stalled,0
11.874234,10,1.535964,True,success,0
-5.980577,41,1.550982,False,stalled,0
-9.972104,30,1.562117,False,stalled,0
-5.50887,30,1.572954,False,stalled,0
-3.822039,37,1.586796,False,stalled,0
-4.256253,71,1.669708,False,stalled,0
-5.850823,34,1.682412,False,stalled,0
-7.620669,30,1.693455,False,stalled,0
-4.368425,54,1.713571,False,stalled,0
10.914093,22,1.721939,True,success,0
-8.757706,30,1.733407,False,stalled,0
-7.629993,30,1.744686,False,stalled,0
11.838291,28,1.755038,True,success,0
-10.725028,30,1.822597,False,stalled,0
11.888322,15,1.828542,True,success,0
-4.014925,30,1.840281,False,stalled,0
-6.757461,48,1.857289,False,stalled,0
-3.323894,31,1.869248,False,stalled,0
-7.546584,39,1.883245,False,stalled,0
-6.50289,34,1.896032,False,stalled,0
-8.102999,30,1.906814,False,stalled,0
11.454746,9,1.910872,True,success,0
11.435447,20,1.974956,True,success,0
-4.853303,31,1.986837,False,stalled,0
-8.943589,31,1.998279,False,stalled,0
-5.438999,38,2.012111,False,stalled,0
12.251079,8,2.016473,True,success,0
-7.520978,31,2.027665,False,stalled,0
-6.337011,30,2.03865,False,stalled,0
-5.712221,50,2.057849,False,stalled,0
-6.548273,33,2.126439,False,stalled,0
11.738778,33,2.138908,True,success,0
-5.446659,48,2.156401,False,stalled,0
-8.819841,34,2.168725,False,stalled,0
-6.521605,35,2.181642,False,stalled,0
11.407818,3,2.183793,True,success,0
-8.391736,30,2.19455,False,stalled,0
-4.414342,35,2.207333,False,stalled,0
-5.940864,65,2.323193,False,stalled,0
-7.668307,30,2.334962,False,stalled,0
-6.493289,36,2.348186,False,stalled,0
-7.171192,53,2.367948,False,stalled,0
11.671712,10,2.372652,True,success,0
-3.846365,35,2.386499,False,stalled,0
-7.495271,30,2.397867,False,stalled,0
-5.107764,32,2.466686,False,stalled,0
-10.17686,28,2.477116,False,out_of_bounds,0
11.660792,21,2.485671,True,success,0
-7.432934,37,2.499059,False,out_of_bounds,0
-7.917187,31,2.510097,False,stalled,0
-6.90803,35,2.523108,False,stalled,0
-4.869742,30,2.535014,False,stalled,0
-8.208213,31,2.546891,False,stalled,0
-8.245136,30,2.557683,False,stalled,0
-8.691916,33,2.626898,False,stalled,0
-6.507921,30,2.639171,False,stalled,0
-7.147307,33,2.651439,False,stalled,0
-6.894821,32,2.663136,False,stalled,0
-6.92691,51,2.681549,False,stalled,0
-6.641808,31,2.693342,False,stalled,0
-6.303215,43,2.709318,False,stalled,0
-7.455217,37,2.778786,False,stalled,0
-7.47231,35,2.792047,False,stalled,0
-8.801016,30,2.803068,False,stalled,0
-4.906052,30,2.813892,False,stalled,0
-7.460942,30,2.825499,False,stalled,0
-7.749936,44,2.841903,False,stalled,0
11.705047,15,2.847855,True,success,0
-5.562547,78,2.932921,False,stalled,0
-8.230662,30,2.94426,False,out_of_bounds,0
-9.270779,31,2.95543,False,stalled,0
-9.208782,56,2.97525,False,out_of_bounds,0
11.868028,9,2.979139,True,success,0
-8.902502,30,2.990241,False,stalled,0
-5.941844,37,3.003594,False,stalled,0
-10.433901,82,3.090491,False,stalled,0
-8.363703,30,3.102099,False,stalled,0
11.611032,15,3.108422,True,success,0
-6.855919,54,3.129472,False,stalled,0
-7.15588,30,3.141471,False,stalled,0
-7.386174,32,3.153344,False,stalled,0
-4.818139,30,3.165117,False,stalled,0
11.434113,8,3.168866,True,success,0
-6.18551,31,3.239658,False,stalled,0
-3.904748,32,3.252431,False,stalled,0
11.463021,21,3.260332,True,success,0
10.210116,72,3.287156,True,success,0
12.128963,13,3.292467,True,success,0
-7.239924,30,3.30352,False,stalled,0
-4.585438,41,3.319425,False,stalled,0
-5.572374,87,3.409966,False,stalled,0
-5.328338,35,3.423169,False,stalled,0
-5.823323,48,3.441496,False,stalled,0
-5.053073,70,3.467678,False,stalled,0
-4.315652,30,3.479359,False,stalled,0
-5.019646,54,3.56344,False,stalled,0
-3.00311,38,3.578775,False,stalled,0
-5.895203,31,3.59095,False,stalled,0
10.899557,47,3.609025,True,success,0
-3.224353,49,3.627675,False,stalled,0
-4.856136,31,3.639502,False,stalled,0
-7.467573,67,3.723303,False,out_of_bounds,0
-4.244784,33,3.735881,False,stalled,0
-4.627109,50,3.755306,False,stalled,0
-7.132924,33,3.768086,False,stalled,0
-9.506588,30,3.779276,False,stalled,0
-6.340201,44,3.796474,False,stalled,0
-7.940029,30,3.865996,False,stalled,0
11.278528,6,3.869131,True,success,0
11.517082,33,3.881812,True,success,0
-10.132453,32,3.894168,False,stalled,0
-3.696548,48,3.911272,False,stalled,0
11.541032,16,3.917757,True,success,0
-4.383032,30,3.928557,False,stalled,0
-7.753922,38,3.942161,False,stalled,0
11.028408,25,3.951748,True,success,0
-6.775497,39,4.022818,False,stalled,0
-6.821876,30,4.033829,False,stalled,0
-7.297161,60,4.055231,False,stalled,0
11.758629,11,4.060651,True,success,0
11.755843,6,4.063667,True,success,0
-6.449579,38,4.079225,False,stalled,0
-6.093313,30,4.091325,False,stalled,0
-5.9613,32,4.103711,False,out_of_bounds,0
-5.317232,34,4.173906,False,stalled,0
11.497504,20,4.182453,True,success,0
-5.957994,30,4.193914,False,stalled,0
11.090776,42,4.209996,True,success,0
11.915047,12,4.214969,True,success,0
-5.177434,34,4.228399,False,stalled,0
-5.825054,32,4.241467,False,stalled,0
-4.567414,39,4.257193,False,stalled,0
-5.398534,32,4.327708,False,stalled,0
-7.435064,35,4.34068,False,stalled,0
12.116077,8,4.344645,True,success,0
11.896197,27,4.355733,True,success,0
-6.495431,32,4.36801,False,stalled,0
-6.762948,36,4.381553,False,stalled,0
-7.937891,30,4.393322,False,stalled,0
-4.070174,44,4.409757,False,stalled,0
-5.707766,50,4.487222,False,stalled,0
-5.528285,32,4.499893,False,stalled,0
11.606937,8,4.503931,True,success,0
-4.183098,39,4.518599,False,stalled,0
11.141078,37,4.533583,True,success,0
-6.25924,41,4.549252,False,stalled,0
-4.871877,34,4.562692,False,stalled,0
-5.426065,51,4.582751,False,stalled,0
-6.306456,33,4.657191,False,stalled,0
11.208528,7,4.660993,True,success,0
11.016077,53,4.679847,True,success,0
-7.630204,35,4.692527,False,stalled,0
-5.541467,30,4.703356,False,stalled,0
11.856077,16,4.710178,True,success,0
11.77327,18,4.717362,True,success,0
-6.044505,42,4.733471,False,stalled,0
-5.469034,30,4.808611,False,stalled,0
-3.936361,31,4.821518,False,stalled,0
-5.290453,58,4.842754,False,stalled,0
-4.868002,38,4.857717,False,stalled,0
-7.680942,36,4.872071,False,stalled,0
-3.703534,31,4.88384,False,stalled,0
-7.615698,62,4.963504,False,stalled,0
-4.552933,30,4.976483,False,stalled,0
-4.582405,58,4.998706,False,stalled,0
-4.046394,53,5.01779,False,stalled,0
-4.948642,32,5.030921,False,stalled,0
-4.985887,30,5.042516,False,stalled,0
11.663068,11,5.047631,True,success,0
11.537746,14,5.05356,True,success,0
-5.352847,47,5.130217,False,stalled,0
-6.096863,33,5.143257,False,stalled,0
-5.046954,49,5.161155,False,stalled,0
-5.189291,62,5.184164,False,stalled,0
-7.119164,30,5.196415,False,stalled,0
-6.26826,31,5.208101,False,stalled,0
11.82161,29,5.277996,True,success,0
-5.113573,32,5.290975,False,stalled,0
-5.485242,31,5.303465,False,stalled,0
-4.784924,68,5.328736,False,stalled,0
-6.509127,67,5.354387,False,stalled,0
-6.447752,37,5.368307,False,stalled,0
-4.823223,31,5.438612,False,stalled,0
-6.02482,30,5.449733,False,stalled,0
-5.334793,41,5.465839,False,stalled,0
11.983331,9,5.470273,True,success,0
-7.807105,31,5.482348,False,stalled,0
-7.314925,30,5.493934,False,stalled,0
-8.541429,30,5.506107,False,stalled,0
-6.914564,30,5.517984,False,stalled,0
-5.759027,31,5.5301,False,stalled,0
-5.164425,30,5.599742,False,stalled,0
-5.047576,52,5.619369,False,stalled,0
-4.761566,38,5.634227,False,stalled,0
-8.625649,32,5.647316,False,stalled,0
-6.801501,34,5.660257,False,stalled,0
-6.515552,30,5.672779,False,stalled,0
-7.908752,30,5.684828,False,stalled,0
11.149623,14,5.690824,True,success,0
-6.801681,30,5.758661,False,stalled,0
12.114311,15,5.764714,True,success,0
-6.576879,35,5.778401,False,stalled,0
-7.985953,38,5.79355,False,out_of_bounds,0
-5.579304,31,5.805603,False,stalled,0
-4.65244,36,5.819778,False,stalled,0
11.323068,23,5.828809,True,success,0
-9.268438,35,5.842739,False,stalled,0
-4.492233,31,5.912422,False,stalled,0
-10.708471,36,5.925533,False,stalled,0
-4.259074,37,5.938937,False,stalled,0
-4.895342,36,5.951861,False,stalled,0
11.407818,3,5.953938,True,success,0
-8.586395,33,5.965786,False,stalled,0
11.407818,3,5.967848,True,success,0
-4.40824,40,5.983619,False,stalled,0
-3.906669,50,6.002357,False,stalled,0
-7.240655,30,6.07978,False,stalled,0
-5.980908,65,6.104456,False,stalled,0
-6.591275,51,6.124438,False,stalled,0
-3.705988,39,6.138966,False,stalled,0
10.749449,29,6.150606,True,success,0
-3.902558,56,6.228685,False,stalled,0
10.976743,16,6.235966,True,success,0
-6.577473,40,6.252284,False,stalled,0
11.59974,32,6.264535,True,success,0
-8.021529,30,6.2761,False,stalled,0
-4.627,34,6.288594,False,stalled,0
-8.143938,33,6.302015,False,stalled,0
9.736473,60,6.324112,True,success,0
-3.056825,39,6.397053,False,stalled,0
-6.565478,30,6.408488,False,stalled,0
-6.006882,39,6.422452,False,stalled,0
11.199504,30,6.434694,True,success,0
-6.527198,50,6.453037,False,stalled,0
-7.290974,30,6.465367,False,stalled,0
-6.758788,30,6.47723,False,stalled,0
-5.078456,30,6.546434,False,stalled,0
11.144093,8,6.550382,True,success,0
-6.838899,34,6.563192,False,stalled,0
11.179884,38,6.578224,True,success,0
-5.707407,30,6.590083,False,stalled,0
11.74,3,6.592119,True,success,0
-3.626682,52,6.612222,False,stalled,0
11.837746,4,6.614652,True,success,0
-3.029741,66,6.638631,False,stalled,0
11.90327,9,6.703304,True,success,0
-6.117456,32,6.715153,False,stalled,0
11.455843,16,6.721529,True,success,0
-5.666255,46,6.738043,False,stalled,0
-3.866663,37,6.752069,False,stalled,0
-8.068024,30,6.763681,False,stalled,0
-4.247574,33,6.776442,False,stalled,0
-3.5868,71,6.862956,False,stalled,0
-5.932725,55,6.883391,False,stalled,0
-4.576135,50,6.902827,False,stalled,0
-8.505566,34,6.915882,False,stalled,0
11.090969,48,6.933882,True,success,0
-6.033133,50,6.95141,False,stalled,0
-4.742314,36,7.024019,False,stalled,0
-4.514434,33,7.036259,False,stalled,0
11.510701,29,7.04765,True,success,0
-4.685525,30,7.05963,False,stalled,0
-3.325574,49,7.078302,False,stalled,0
-3.3967,43,7.095114,False,stalled,0
-4.668483,40,7.110387,False,stalled,0
-4.667691,83,7.198872,False,stalled,0
10.617156,57,7.220284,True,success,0
10.182957,55,7.240253,True,success,0
11.539266,28,7.250622,True,success,0
12.04394,10,7.255253,True,success,0
-6.748335,42,7.337503,False,stalled,0
-3.990279,54,7.358641,False,stalled,0
-3.506662,58,7.382739,False,stalled,0
-5.107059,56,7.404356,False,stalled,0
-3.187653,37,7.41834,False,stalled,0
-4.817049,40,7.491344,False,stalled,0
11.627906,23,7.5005,True,success,0
-4.728379,34,7.512903,False,stalled,0
12.094089,12,7.518456,True,success,0
-4.694726,31,7.530355,False,stalled,0
-4.79859,50,7.549128,False,stalled,0
-4.708885,93,7.582752,False,stalled,0
-7.308333,30,7.651657,False,stalled,0
-5.495568,61,7.673782,False,stalled,0
-5.224766,31,7.685193,False,stalled,0
11.953418,16,7.693997,True,success,0
-6.003309,31,7.706168,False,stalled,0
11.657746,8,7.709994,True,success,0
-2.54869,44,7.726216,False,stalled,0
-6.605565,47,7.802631,False,stalled,0
11.837096,10,7.807851,True,success,0
11.314113,14,7.81363,True,success,0
11.208363,16,7.819707,True,success,0
-5.261961,37,7.83372,False,stalled,0
-7.610747,38,7.847641,False,stalled,0
11.755843,6,7.850794,True,success,0
-7.005964,50,7.870045,False,stalled,0
-5.886245,42,7.885453,False,stalled,0
-4.793686,36,7.898946,False,stalled,0
11.703438,7,7.959248,True,success,0
11.473126,33,7.971362,True,success,0
11.438327,40,7.986428,True,success,0
-5.95779,64,8.009323,False,stalled,0
-4.644218,30,8.020971,False,stalled,0
-6.001218,46,8.037807,False,stalled,0
12.144089,12,8.042833,True,success,0
-4.305891,37,8.115151,False,stalled,0
12.064106,8,8.11886,True,success,0
11.134113,18,8.126051,True,success,0
11.637096,20,8.134046,True,success,0
10.790383,34,8.147088,True,success,0
12.213418,8,8.150873,True,success,0
11.343126,32,8.16333,True,success,0
11.559893,20,8.17156,True,success,0
-6.055526,38,8.185746,False,out_of_bounds,0
-6.22523,40,8.200093,False,stalled,0
-7.187549,30,8.269354,False,stalled,0
-4.06743,47,8.286936,False,stalled,0
-3.800085,59,8.307772,False,stalled,0
-4.581061,30,8.319627,False,stalled,0
10.926634,50,8.337615,True,success,0
-4.272399,32,8.350152,False,stalled,0
11.358013,32,8.362927,True,success,0
11.578383,21,8.42924,True,success,0
11.946916,8,8.433918,True,success,0
11.393438,20,8.44332,True,success,0
-3.737409,48,8.461212,False,stalled,0
10.70239,38,8.476441,True,success,0
11.444367,16,8.48403,True,success,0
-6.522315,52,8.504463,False,stalled,0
-5.38586,36,8.518262,False,stalled,0
10.71208,61,8.604336,True,success,0
-4.404325,62,8.626619,False,stalled,0
-3.474234,36,8.639728,False,stalled,0
-4.497595,42,8.655846,False,stalled,0
11.966749,28,8.666651,True,success,0
-5.772105,30,8.678026,False,stalled,0
-2.96056,42,8.751399,False,stalled,0
11.857537,15,8.759752,True,success,0
11.899248,30,8.774985,True,success,0
11.365843,23,8.783866,True,success,0
11.273438,26,8.794628,True,success,0
11.657287,22,8.803453,True,success,0
10.844826,54,8.823607,True,success,0
-7.019446,33,8.83611,False,stalled,0
11.402979,34,8.90584,True,success,0
11.366362,28,8.916864,True,success,0
-3.546244,75,8.944569,False,stalled,0
-3.411494,37,8.959264,False,stalled,0
-4.949081,31,8.971052,False,stalled,0
-5.924574,73,8.997167,False,stalled,0
11.171222,29,9.067308,True,success,0
-4.485114,39,9.081543,False,stalled,0
10.99,33,9.094442,True,success,0
11.395388,28,9.105905,True,success,0
-4.282858,48,9.123411,False,stalled,0
-4.92387,54,9.143157,False,stalled,0
-4.217835,33,9.213361,False,stalled,0
12.058383,7,9.216795,True,success,0
-4.306039,41,9.235882,False,stalled,0
-4.576142,32,9.25137,False,stalled,0
11.425583,30,9.263921,True,success,0
11.453586,28,9.275349,True,success,0
12.085047,6,9.278266,True,success,0
-4.159612,38,9.292329,False,stalled,0
-5.340901,31,9.304462,False,stalled,0
-3.626952,31,9.316183,False,stalled,0
11.63,6,9.319213,True,success,0
-5.368135,63,9.40051,False,stalled,0
11.041712,39,9.415452,True,success,0
-4.684496,31,9.428353,False,stalled,0
11.839893,6,9.431354,True,success,0
-5.259161,34,9.444354,False,stalled,0
-3.486133,72,9.471266,False,stalled,0
-4.270425,37,9.542576,False,stalled,0
11.447828,41,9.560753,True,success,0
11.606072,16,9.567528,True,success,0
10.912933,32,9.579429,True,success,0
11.089634,18,9.586428,True,success,0
-2.603486,35,9.600549,False,stalled,0
10.314113,59,9.6229,True,success,0
10.744113,25,9.632263,True,success,0
11.652859,8,9.636418,True,success,0
-3.398296,34,9.707696,False,stalled,0
-4.080584,34,9.720982,False,stalled,0
11.364461,33,9.733807,True,success,0
11.82454,10,9.738151,True,success,0
11.92179,24,9.747418,True,success,0
11.62394,26,9.757621,True,success,0
11.248962,16,9.764077,True,success,0
-4.848744,30,9.775449,False,stalled,0
10.907578,48,9.792865,True,success,0
11.478629,25,9.865867,True,success,0
11.364113,9,9.869776,True,success,0
-2.840576,61,9.89226,False,stalled,0
11.44974,37,9.906587,True,success,0
-8.517672,70,9.932154,False,out_of_bounds,0
11.256919,39,9.946964,True,success,0
11.003226,31,10.014866,True,success,0
11.685544,12,10.020129,True,success,0
11.938383,13,10.025317,True,success,0
11.128528,11,10.02995,True,success,0
12.132032,24,10.039453,True,success,0
11.430976,16,10.045732,True,success,0
11.200698,12,10.05139,True,success,0
-4.832957,39,10.066012,False,stalled,0
11.79386,14,10.071964,True,success,0
11.420701,26,10.081962,True,success,0
12.183749,10,10.086397,True,success,0
11.858676,20,10.094631,True,success,0
-5.215193,36,10.108621,False,stalled,0
11.743586,21,10.174715,True,success,0
-3.40642,36,10.188787,False,stalled,0
11.405047,35,10.201926,True,success,0
-3.880194,31,10.213665,False,stalled,0
11.300481,22,10.222698,True,success,0
11.793418,24,10.232627,True,success,0
11.316077,38,10.247458,True,success,0
11.544367,16,10.253996,True,success,0
11.187818,9,10.257838,True,success,0
11.676072,15,10.264534,True,success,0
11.248028,35,10.335435,True,success,0
-4.210996,33,10.348047,False,stalled,0
11.795013,17,10.356097,True,success,0
12.026362,10,10.360594,True,success,0
-3.798296,44,10.376653,False,stalled,0
10.981732,37,10.390273,True,success,0
11.370653,35,10.402941,True,success,0
-6.366625,46,10.420109,False,stalled,0
11.396431,37,10.494923,True,success,0
11.601032,13,10.500762,True,success,0
12.211079,10,10.505275,True,success,0
-2.242734,36,10.518214,False,stalled,0
-4.64047,51,10.53808,False,stalled,0
11.673438,6,10.541071,True,success,0
11.16067,46,10.55805,True,success,0
11.837746,4,10.560374,True,success,0
11.488013,23,10.569132,True,success,0
11.212773,18,10.576077,True,success,0
11.96221,23,10.585391,True,success,0
10.677537,69,10.667071,True,success,0
-4.410323,39,10.681905,False,stalled,0
12.023586,7,10.68534,True,success,0
11.512435,33,10.697571,True,success,0
-5.087923,44,10.713568,False,stalled,0
11.149469,38,10.727719,True,success,0
11.987096,5,10.730272,True,success,0
-3.827333,80,10.830966,False,stalled,0
10.881292,61,10.853184,True,success,0
11.505566,24,10.862889,True,success,0
11.682403,8,10.866481,True,success,0
11.972834,22,10.87499,True,success,0
11.946374,13,10.880348,True,success,0
11.777915,10,10.884679,True,success,0
11.964089,16,10.892231,True,success,0
11.780966,11,10.896787,True,success,0
-3.532949,33,10.909649,False,stalled,0
11.533068,20,10.975076,True,success,0
11.826545,21,10.983087,True,success,0
11.654106,26,10.992758,True,success,0
11.671186,15,10.999185,True,success,0
11.032403,33,11.011569,True,success,0
10.936677,36,11.024744,True,success,0
11.599893,18,11.032283,True,success,0
11.605843,11,11.036975,True,success,0
11.519681,15,11.043446,True,success,0
11.705047,20,11.051627,True,success,0
-4.674275,54,11.137792,False,stalled,0
11.239802,20,11.145851,True,success,0
12.143863,14,11.152237,True,success,0
11.7,5,11.154827,True,success,0
11.367096,31,11.166589,True,success,0
11.335843,30,11.178029,True,success,0
11.707852,19,11.185522,True,success,0
11.818917,31,11.196972,True,success,0
11.407537,35,11.20972,True,success,0
11.729803,12,11.214633,True,success,0
11.422873,40,11.229662,True,success,0
12.098383,5,11.232299,True,success,0
-3.119763,37,11.302837,False,stalled,0
11.339608,30,11.313932,True,success,0
11.340609,42,11.328972,True,success,0
10.876916,49,11.348366,True,success,0
12.187427,6,11.351443,True,success,0
11.859473,26,11.361234,True,success,0
11.87956,14,11.36695,True,success,0
11.297818,6,11.369826,True,success,0
11.174093,9,11.373766,True,success,0
11.637347,13,11.380219,True,success,0
11.908189,25,11.389444,True,success,0
11.306123,27,11.457465,True,success,0
12.079459,13,11.462872,True,success,0
11.289705,28,11.473325,True,success,0
11.592933,8,11.477005,True,success,0
11.427852,33,11.489705,True,success,0
-6.374701,37,11.503191,False,stalled,0
11.284093,6,11.506182,True,success,0
11.021032,42,11.522088,True,success,0
11.184106,47,11.539024,True,success,0
11.672341,25,11.605542,True,success,0
11.81916,8,11.609563,True,success,0
11.052786,35,11.623367,True,success,0
11.561712,13,11.628767,True,success,0
12.302873,6,11.631707,True,success,0
11.74916,9,11.635936,True,success,0
11.840885,14,11.641717,True,success,0
11.51327,26,11.652395,True,success,0
12.145608,11,11.657175,True,success,0
11.958917,29,11.668422,True,success,0
11.821186,10,11.672718,True,success,0
12.33328,11,11.677428,True,success,0
12.291079,6,11.680253,True,success,0
12.165144,14,11.68606,True,success,0
11.424367,22,11.69532,True,success,0
10.990976,33,11.707813,True,success,0
11.86454,8,11.769416,True,success,0
11.523438,11,11.774611,True,success,0
11.286473,5,11.777161,True,success,0
11.419543,20,11.78496,True,success,0
11.196114,15,11.791367,True,success,0
11.20976,10,11.795526,True,success,0
-4.495954,51,11.813468,False,stalled,0
11.469623,8,11.817111,True,success,0
12.187427,6,11.820098,True,success,0
11.914234,8,11.824224,True,success,0
12.093586,6,11.82707,True,success,0
11.90327,9,11.831002,True,success,0
11.295102,16,11.838234,True,success,0
11.498936,15,11.844146,True,success,0
11.196114,15,11.850184,True,success,0
11.428851,17,11.856622,True,success,0
11.259595,27,11.866617,True,success,0
12.224089,8,11.870227,True,success,0
12.400465,13,11.933712,True,success,0
12.167566,15,11.939712,True,success,0
11.536919,25,11.949407,True,success,0
12.373863,5,11.951926,True,success,0
11.901186,6,11.954767,True,success,0
10.939738,33,11.967752,True,success,0
12.323168,12,11.972899,True,success,0
12.185608,9,11.977193,True,success,0
12.00356,12,11.982356,True,success,0
11.757746,8,11.986354,True,success,0
11.620966,19,11.993687,True,success,0
12.253418,6,11.996704,True,success,0
11.605588,33,12.008986,True,success,0
12.183562,4,12.011313,True,success,0
12.013126,11,12.015836,True,success,0
11.276852,27,12.026504,True,success,0
12.344205,12,12.03168,True,success,0
11.886077,17,12.094814,True,success,0
11.407818,3,12.096811,True,success,0
11.926519,12,12.10183,True,success,0
11.913418,18,12.108892,True,success,0
11.006473,19,12.116184,True,success,0
12.008268,9,12.120047,True,success,0
12.398189,8,12.123807,True,success,0
12.069962,17,12.131366,True,success,0
11.855843,14,12.1369,True,success,0
11.284093,6,12.139951,True,success,0
11.318528,4,12.142152,True,success,0
12.113418,8,12.145666,True,success,0
11.902435,16,12.151816,True,success,0
11.60571,10,12.156812,True,success,0
11.30208,34,12.169394,True,success,0
11.474113,6,12.172428,True,success,0
11.329893,29,12.18307,True,success,0
12.376929,7,12.186397,True,success,0
12.018963,16,12.192725,True,success,0
11.797746,6,12.195557,True,success,0
11.297818,6,12.198562,True,success,0
11.850931,12,12.260477,True,success,0
12.046077,9,12.26488,True,success,0
12.258291,12,12.269793,True,success,0
11.569681,10,12.274068,True,success,0
11.573926,13,12.279792,True,success,0
12.291079,6,12.282965,True,success,0
12.018383,9,12.286842,True,success,0
11.930966,6,12.289807,True,success,0
12.373863,5,12.292324,True,success,0
10.974093,14,12.298521,True,success,0
11.919803,5,12.301108,True,success,0
12.123418,10,12.305256,True,success,0
11.604644,12,12.31063,True,success,0
11.765938,19,12.317931,True,success,0
11.337818,4,12.320096,True,success,0
12.076077,10,12.324439,True,success,0
11.877906,18,12.332871,True,success,0
12.133126,5,12.336064,True,success,0
12.168383,4,12.33883,True,success,0
12.053586,8,12.343878,True,success,0
11.981436,7,12.347297,True,success,0
12.003562,8,12.350819,True,success,0
10.878528,21,12.358881,True,success,0
11.673438,6,12.361711,True,success,0
12.015843,6,12.36456,True,success,0
12.163266,8,12.368056,True,success,0
12.265608,5,12.370834,True,success,0
11.602859,13,12.439483,True,success,0
12.038021,13,12.444942,True,success,0
12.147287,5,12.448005,True,success,0
12.142411,6,12.450887,True,success,0
11.852726,9,12.454852,True,success,0
12.183562,4,12.457088,True,success,0
12.203266,6,12.460024,True,success,0
11.608936,12,12.465261,True,success,0
11.837746,4,12.467854,True,success,0
12.253418,6,12.470938,True,success,0
11.679422,12,12.476252,True,success,0
11.791032,6,12.479428,True,success,0
11.360698,4,12.481624,True,success,0
12.264089,6,12.484487,True,success,0
12.224089,8,12.487995,True,success,0
12.15356,7,12.491179,True,success,0
11.771602,18,12.498589,True,success,0
12.090779,15,12.504479,True,success,0
11.799893,8,12.507989,True,success,0
11.782786,6,12.511201,True,success,0
11.913083,20,12.518684,True,success,0
11.407818,3,12.520529,True,success,0
12.142411,6,12.523381,True,success,0
12.361079,5,12.526135,True,success,0
11.407818,3,12.527977,True,success,0
12.17402,15,12.533763,True,success,0
11.74,3,12.53561,True,success,0
11.830614,25,12.544894,True,success,0
11.407818,3,12.546732,True,success,0
11.197818,11,12.606732,True,success,0
11.993331,6,12.609702,True,success,0
11.954234,6,12.612561,True,success,0
11.877852,8,12.616046,True,success,0
11.758936,7,12.620083,True,success,0
11.676937,7,12.623311,True,success,0
12.321079,7,12.626487,True,success,0
12.147287,5,12.628991,True,success,0
11.977537,9,12.633641,True,success,0
12.303631,15,12.640116,True,success,0
11.39847,7,12.643309,True,success,0
11.489623,7,12.64676,True,success,0
12.184589,7,12.650121,True,success,0
11.773114,6,12.653187,True,success,0
11.742786,8,12.656708,True,success,0
11.246473,7,12.659878,True,success,0
11.922714,18,12.667482,True,success,0
12.373863,5,12.670404,True,success,0
11.683226,7,12.673589,True,success,0
11.337818,4,12.675871,True,success,0
11.728936,6,12.67911,True,success,0
11.499681,11,12.683899,True,success,0
12.063331,5,12.686484,True,success,0
11.837746,4,12.688656,True,success,0
11.743438,5,12.691609,True,success,0
12.532603,5,12.694502,True,success,0
12.046201,5,12.697008,True,success,0
11.759501,12,12.701809,True,success,0
11.62239,7,12.70499,True,success,0
12.262873,8,12.70895,True,success,0
11.662351,10,12.7132,True,success,0
12.265608,5,12.715737,True,success,0
11.367818,5,12.718228,True,success,0
11.8101,16,12.724994,True,success,0
11.41847,6,12.783835,True,success,0
11.913596,8,12.787492,True,success,0
12.253418,6,12.790363,True,success,0
12.195608,6,12.793199,True,success,0
12.064106,8,12.796829,True,success,0
12.147287,5,12.799883,True,success,0
12.303863,6,12.802781,True,success,0
12.023331,7,12.805979,True,success,0
11.682403,8,12.809479,True,success,0
12.063331,5,12.811992,True,success,0
11.919608,6,12.81489,True,success,0
11.83454,7,12.818048,True,success,0
12.236686,7,12.821331,True,success,0
12.089775,13,12.826509,True,success,0
11.757746,8,12.830291,True,success,0
11.324093,4,12.832502,True,success,0
12.136374,6,12.83539,True,success,0
11.514113,4,12.837595,True,success,0
12.155608,8,12.8411,True,success,0
12.133126,5,12.843761,True,success,0
11.660976,7,12.846968,True,success,0
12.264089,6,12.849948,True,success,0
12.023331,7,12.853123,True,success,0
11.514113,4,12.855281,True,success,0
12.265608,5,12.857893,True,success,0
11.529623,5,12.86067,True,success,0
12.063331,5,12.86327,True,success,0
12.113418,13,12.868428,True,success,0
11.869893,7,12.871589,True,success,0
11.137818,14,12.877988,True,success,0
11.096473,12,12.882829,True,success,0
11.912435,13,12.888033,True,success,0
11.337818,4,12.8903,True,success,0
11.617056,4,12.892476,True,success,0
12.211079,10,12.896638,True,success,0
11.416921,5,12.899141,True,success,0
11.702786,10,12.959249,True,success,0
11.947096,7,12.962575,True,success,0
11.388528,3,12.964437,True,success,0
11.862726,6,12.967949,True,success,0
11.941078,7,12.97121,True,success,0
12.063331,5,12.973733,True,success,0
11.85916,6,12.97657,True,success,0
11.673438,6,12.979395,True,success,0
12.01327,6,12.982331,True,success,0
11.367818,5,12.985144,True,success,0
12.163131,24,12.994294,True,success,0
12.265608,5,12.996925,True,success,0
11.89916,4,12.999209,True,success,0
12.205057,8,13.002784,True,success,0
12.062411,10,13.00699,True,success,0
11.360698,4,13.009161,True,success,0
11.993331,6,13.012042,True,success,0
12.344311,6,13.014988,True,success,0
11.744367,6,13.017828,True,success,0
12.359248,12,13.022655,True,success,0
11.959608,4,13.024823,True,success,0
12.265608,5,13.027406,True,success,0
12.183562,4,13.029789,True,success,0
11.89916,4,13.032077,True,success,0
11.703438,7,13.035255,True,success,0
12.265608,5,13.037763,True,success,0
12.303863,6,13.040589,True,success,0
11.857156,5,13.043428,True,success,0
11.837746,4,13.045805,True,success,0
12.586645,5,13.04831,True,success,0
12.183562,4,13.050491,True,success,0
11.431472,6,13.053323,True,success,0
11.919803,5,13.055817,True,success,0
11.667156,12,13.061327,True,success,0
11.849608,7,13.06486,True,success,0
12.073562,7,13.06801,True,success,0
12.088383,8,13.071552,True,success,0
11.959608,4,13.07385,True,success,0
11.795843,4,13.076051,True,success,0
12.143562,6,13.078893,True,success,0
12.238327,10,13.139653,True,success,0
12.183562,4,13.141922,True,success,0
11.640685,9,13.145785,True,success,0
12.376929,7,13.149587,True,success,0
11.930966,6,13.152474,True,success,0
12.102411,8,13.155985,True,success,0
11.762403,4,13.158161,True,success,0
11.388528,3,13.159997,True,success,0
11.514113,4,13.162235,True,success,0
12.168383,4,13.164766,True,success,0
12.213418,8,13.16829,True,success,0
11.743438,5,13.170916,True,success,0
11.930966,6,13.173757,True,success,0
12.302873,6,13.176598,True,success,0
12.433033,9,13.181046,True,success,0
12.318963,6,13.183954,True,success,0
11.304093,5,13.186468,True,success,0
11.376921,7,13.189699,True,success,0
12.361079,5,13.192206,True,success,0
12.136077,7,13.195691,True,success,0
12.361079,5,13.198194,True,success,0
12.187427,6,13.201027,True,success,0
11.837746,4,13.203187,True,success,0
12.063331,5,13.205673,True,success,0
11.758936,7,13.209216,True,success,0
12.093586,6,13.212258,True,success,0
12.333863,7,13.215431,True,success,0
12.361079,5,13.217931,True,success,0
12.147287,5,13.220429,True,success,0
12.183562,4,13.222588,True,success,0
12.139667,17,13.229761,True,success,0
12.037287,8,13.233276,True,success,0
12.183562,4,13.235454,True,success,0
12.063331,5,13.237969,True,success,0
12.306197,9,13.242277,True,success,0
12.192873,9,13.246107,True,success,0
12.106362,6,13.248936,True,success,0
11.186473,10,13.253202,True,success,0
11.93327,10,13.257841,True,success,0
11.892726,7,13.319953,True,success,0
11.388528,3,13.322302,True,success,0
11.838629,7,13.325727,True,success,0
12.088383,8,13.329562,True,success,0
11.837746,4,13.331958,True,success,0
11.692403,5,13.334466,True,success,0
12.087852,5,13.336984,True,success,0
12.187082,7,13.340149,True,success,0
12.532603,5,13.34266,True,success,0
11.879608,8,13.346168,True,success,0
12.015047,7,13.349886,True,success,0
11.307695,9,13.353744,True,success,0
11.959608,4,13.355924,True,success,0
12.416197,6,13.358865,True,success,0
12.293863,9,13.363303,True,success,0
12.050701,7,13.366498,True,success,0
11.993331,6,13.369325,True,success,0
11.94327,7,13.372478,True,success,0
11.216743,9,13.376552,True,success,0
12.187427,6,13.379715,True,success,0
12.264089,6,13.382565,True,success,0
12.264089,6,13.385497,True,success,0
11.367818,5,13.388001,True,success,0
12.183562,4,13.390187,True,success,0
12.373863,5,13.393016,True,success,0
12.093586,6,13.396383,True,success,0
12.183562,4,13.39864,True,success,0
11.987096,5,13.401153,True,success,0
11.762403,4,13.40331,True,success,0
11.795544,9,13.40763,True,success,0
12.248963,7,13.411009,True,success,0
12.183562,4,13.413196,True,success,0
12.183562,4,13.415363,True,success,0
11.617056,4,13.417541,True,success,0
11.993331,6,13.42041,True,success,0
11.758936,7,13.423909,True,success,0
11.74,3,13.425773,True,success,0
11.742786,8,13.429288,True,success,0
11.645843,9,13.433084,True,success,0
11.407818,3,13.434928,True,success,0
11.795843,4,13.437104,True,success,0
11.444113,5,13.440528,True,success,0
11.622403,11,13.445326,True,success,0
12.265608,5,13.505035,True,success,0
12.187427,6,13.508,True,success,0
11.926634,10,13.512186,True,success,0
11.932726,5,13.514702,True,success,0
12.03956,6,13.518378,True,success,0
11.959608,4,13.520564,True,success,0
11.798936,5,13.523275,True,success,0
12.356929,8,13.527092,True,success,0
12.380721,10,13.531929,True,success,0
11.967537,12,13.536992,True,success,0
12.168383,4,13.539175,True,success,0
12.376197,8,13.542707,True,success,0
12.253418,6,13.545613,True,success,0
11.407818,3,13.547859,True,success,0
12.020101,9,13.551725,True,success,0
12.183562,4,13.553922,True,success,0
11.795843,4,13.556111,True,success,0
12.264089,6,13.55896,True,success,0
11.388528,3,13.560843,True,success,0
11.74,3,13.563187,True,success,0
12.183562,4,13.565383,True,success,0
12.063331,5,13.567892,True,success,0
11.927436,6,13.570744,True,success,0
11.7,5,13.573264,True,success,0
11.348528,5,13.575762,True,success,0
11.798629,9,13.580129,True,success,0
11.889608,5,13.582834,True,success,0
12.087537,6,13.585953,True,success,0
12.339248,8,13.589438,True,success,0
12.087852,5,13.592608,True,success,0
12.361079,5,13.595932,True,success,0
12.038013,8,13.600026,True,success,0
12.050701,7,13.603171,True,success,0
11.407818,3,13.605003,True,success,0
12.147287,5,13.607667,True,success,0
11.89916,4,13.609844,True,success,0
12.106362,6,13.612678,True,success,0
11.919608,6,13.615528,True,success,0
11.74,3,13.617394,True,success,0
12.195608,6,13.620255,True,success,0
12.142411,6,13.62363,True,success,0
12.373863,5,13.626339,True,success,0
11.407818,3,13.628173,True,success,0
11.797746,6,13.631021,True,success,0
11.679681,7,13.63419,True,success,0
12.473033,7,13.763647,True,success,1
-1.896002,40,13.778733,False,stalled,1
-6.844922,26,13.78919,False,out_of_bounds,1
-3.223254,36,13.802608,False,stalled,1
-5.787303,55,13.823062,False,stalled,1
11.995766,10,13.827397,True,success,1
-5.130184,30,13.839355,False,stalled,1
-3.122923,34,13.853147,False,stalled,1
-4.288841,43,13.927658,False,stalled,1
12.02386,5,13.930377,True,success,1
-5.136668,18,13.937148,False,out_of_bounds,1
12.673603,9,13.941082,True,success,1
-7.134974,34,13.953183,False,stalled,1
-5.811116,94,13.985887,False,stalled,1
-5.838446,33,13.998689,False,stalled,1
-4.509768,54,14.076915,False,stalled,1
11.890966,8,14.08118,True,success,1
-3.171632,34,14.092952,False,stalled,1
12.493033,6,14.09597,True,success,1
13.084791,7,14.099117,True,success,1
-3.183495,40,14.113637,False,stalled,1
-4.523396,30,14.124882,False,stalled,1
11.869893,7,14.128543,True,success,1
12.02386,5,14.131037,True,success,1
11.160698,9,14.134814,True,success,1
-1.823459,46,14.151539,False,stalled,1
-4.332089,60,14.232705,False,stalled,1
12.147287,5,14.235377,True,success,1
-3.141346,36,14.248376,False,stalled,1
-4.186989,37,14.262271,False,stalled,1
-5.335834,21,14.271209,False,out_of_bounds,1
-4.026568,76,14.298939,False,stalled,1
12.79312,14,14.304643,True,success,1
11.920478,21,14.313514,True,success,1
12.530432,12,14.31837,True,success,1
12.865828,7,14.321582,True,success,1
-3.173909,38,14.39389,False,stalled,1
11.762403,4,14.396243,True,success,1
-4.360466,33,14.407816,False,stalled,1
-4.234882,46,14.42383,False,stalled,1
13.411201,7,14.427146,True,success,1
12.201079,13,14.432521,True,success,1
11.367134,25,14.441764,True,success,1
12.675567,9,14.44584,True,success,1
-3.526323,42,14.460649,False,stalled,1
-8.04775,30,14.471649,False,stalled,1
-2.985002,53,14.546491,False,stalled,1
12.747736,8,14.55014,True,success,1
-5.150613,31,14.562587,False,stalled,1
-7.188618,32,14.574961,False,stalled,1
-4.770104,54,14.594841,False,stalled,1
-5.557221,30,14.606382,False,stalled,1
12.755567,5,14.609019,True,success,1
10.770378,42,14.624162,True,success,1
-5.023959,32,14.694863,False,stalled,1
12.755567,5,14.697564,True,success,1
11.388528,3,14.699416,True,success,1
11.976834,11,14.704453,True,success,1
-4.410912,30,14.71555,False,stalled,1
-2.483887,50,14.733996,False,stalled,1
12.592771,16,14.74036,True,success,1
12.183562,4,14.742541,True,success,1
12.108006,8,14.745994,True,success,1
-5.825088,33,14.758318,False,stalled,1
10.892957,27,14.769033,True,success,1
11.416921,5,14.771833,True,success,1
12.688427,7,14.774995,True,success,1
12.052107,35,14.787498,True,success,1
-4.548355,40,14.857,False,stalled,1
12.147427,8,14.860782,True,success,1
11.959608,4,14.863002,True,success,1
-3.421987,75,14.890814,False,stalled,1
-3.573443,35,14.904336,False,stalled,1
12.8592,7,14.9082,True,success,1
12.775556,6,14.911062,True,success,1
-4.186362,34,14.924017,False,stalled,1
11.74,3,14.926013,True,success,1
12.542388,12,14.931373,True,success,1
-4.963672,33,14.943055,False,stalled,1
12.156077,6,14.946127,True,success,1
-3.082036,35,15.019809,False,stalled,1
11.959608,4,15.022154,True,success,1
-3.669364,36,15.034928,False,stalled,1
11.795843,4,15.037239,True,success,1
12.015935,12,15.042382,True,success,1
13.030894,8,15.045978,True,success,1
12.149719,9,15.049788,True,success,1
12.373863,5,15.052391,True,success,1
-3.153631,68,15.076073,False,stalled,1
12.728427,5,15.078723,True,success,1
12.631734,8,15.082206,True,success,1
-3.57114,45,15.098141,False,stalled,1
12.86,7,15.101966,True,success,1
11.246473,7,15.105597,True,success,1
-1.899745,41,15.180676,False,stalled,1
13.091099,7,15.184008,True,success,1
12.805755,10,15.188125,True,success,1
-3.490078,37,15.201378,False,stalled,1
11.762403,4,15.203666,True,success,1
11.388528,3,15.20551,True,success,1
-2.441394,38,15.219756,False,stalled,1
-3.402262,35,15.233177,False,stalled,1
11.767746,5,15.236264,True,success,1
12.168383,4,15.238798,True,success,1
12.01327,6,15.241666,True,success,1
13.411201,7,15.244818,True,success,1
-3.530466,65,15.267214,False,stalled,1
-6.181122,34,15.335203,False,stalled,1
11.959608,4,15.337553,True,success,1
-4.0102,46,15.354909,False,stalled,1
-5.593162,40,15.369822,False,stalled,1
11.837746,4,15.372121,True,success,1
11.74,3,15.374301,True,success,1
12.989565,6,15.377269,True,success,1
-2.598464,55,15.396979,False,stalled,1
11.594367,11,15.401586,True,success,1
-3.041242,48,15.418902,False,stalled,1
11.60571,10,15.423793,True,success,1
11.908149,10,15.484868,True,success,1
11.845098,17,15.491549,True,success,1
12.820546,11,15.496466,True,success,1
-3.616626,33,15.5084,False,stalled,1
12.566574,11,15.513186,True,success,1
-2.724122,45,15.529424,False,stalled,1
11.930966,6,15.532514,True,success,1
11.613226,13,15.537712,True,success,1
12.520451,15,15.544086,True,success,1
-2.716085,50,15.562129,False,stalled,1
-6.398674,30,15.572937,False,stalled,1
13.163548,9,15.576947,True,success,1
-4.047331,38,15.648512,False,stalled,1
12.747581,17,15.656528,True,success,1
11.722403,6,15.659626,True,success,1
11.514113,4,15.661947,True,success,1
11.474113,6,15.664916,True,success,1
12.710392,7,15.668606,True,success,1
-5.442818,42,15.683616,False,stalled,1
11.366132,31,15.694747,True,success,1
12.229282,30,15.705674,True,success,1
11.89916,4,15.707851,True,success,1
12.747736,8,15.711456,True,success,1
-3.331987,42,15.725922,False,stalled,1
-4.162156,67,15.806051,False,stalled,1
-2.100869,37,15.819399,False,stalled,1
12.373863,5,15.822483,True,success,1
11.304156,22,15.830506,True,success,1
-3.242996,33,15.842183,False,stalled,1
-3.264632,34,15.854303,False,stalled,1
12.715567,7,15.857606,True,success,1
12.899803,13,15.862666,True,success,1
11.954234,6,15.86579,True,success,1
12.438189,6,15.86909,True,success,1
11.798936,5,15.872131,True,success,1
12.702663,11,15.876643,True,success,1
11.959608,4,15.879199,True,success,1
13.084791,7,15.882555,True,success,1
11.959608,4,15.884784,True,success,1
-1.985682,43,15.960799,False,stalled,1
13.021384,7,15.964463,True,success,1
11.89916,4,15.966648,True,success,1
12.715567,7,15.970658,True,success,1
13.091099,7,15.974885,True,success,1
11.577056,6,15.978076,True,success,1
12.861907,10,15.982466,True,success,1
12.867069,8,15.986744,True,success,1
11.847915,9,15.991064,True,success,1
11.617056,4,15.993258,True,success,1
13.411201,7,15.996725,True,success,1
-3.056865,38,16.011122,False,stalled,1
-3.713933,36,16.025482,False,stalled,1
11.798936,5,16.028108,True,success,1
12.133266,7,16.032057,True,success,1
12.543701,25,16.042125,True,success,1
-4.446312,73,16.12863,False,stalled,1
12.085843,5,16.131433,True,success,1
11.719681,5,16.134081,True,success,1
12.919786,12,16.139358,True,success,1
-3.047543,36,16.152835,False,stalled,1
12.855857,6,16.156421,True,success,1
9.213644,61,16.177345,True,success,1
12.213418,8,16.180918,True,success,1
-3.057274,38,16.194132,False,stalled,1
-3.793622,59,16.214995,False,stalled,1
12.883561,9,16.282318,True,success,1
12.83394,9,16.286328,True,success,1
12.9,5,16.288854,True,success,1
12.949565,8,16.293061,True,success,1
-4.294491,34,16.30481,False,stalled,1
12.185608,9,16.309687,True,success,1
13.289753,8,16.31363,True,success,1
13.02275,9,16.317512,True,success,1
12.552249,30,16.329663,True,success,1
12.039521,21,16.33813,True,success,1
12.084669,28,16.348376,True,success,1
12.91312,8,16.351898,True,success,1
11.667156,12,16.35719,True,success,1
11.74,3,16.359081,True,success,1
-3.567974,37,16.372273,False,stalled,1
11.976916,9,16.37627,True,success,1
12.066919,6,16.379093,True,success,1
12.895525,7,16.382259,True,success,1
12.893349,17,16.445895,True,success,1
13.004791,11,16.450452,True,success,1
-4.757235,51,16.46814,False,stalled,1
11.091563,33,16.480078,True,success,1
12.625706,9,16.483939,True,success,1
-4.308537,41,16.498077,False,stalled,1
-3.219164,35,16.511063,False,stalled,1
12.615528,11,16.515701,True,success,1
12.957222,9,16.519724,True,success,1
12.742169,13,16.524895,True,success,1
12.965043,12,16.529687,True,success,1
11.376921,7,16.532905,True,success,1
12.905632,6,16.535953,True,success,1
-3.611608,34,16.604125,False,stalled,1
11.930966,6,16.607169,True,success,1
12.678055,8,16.610932,True,success,1
-2.065213,34,16.624758,False,stalled,1
-2.509451,33,16.637719,False,stalled,1
12.52854,20,16.645947,True,success,1
-3.342618,36,16.658771,False,stalled,1
11.767746,5,16.661605,True,success,1
12.379248,11,16.666333,True,success,1
12.419248,9,16.670148,True,success,1
12.038013,8,16.673651,True,success,1
12.732583,10,16.678454,True,success,1
11.919608,6,16.681635,True,success,1
10.892008,35,16.694212,True,success,1
11.119553,42,16.782,True,success,1
12.373863,5,16.78511,True,success,1
12.787736,6,16.7881,True,success,1
12.063331,5,16.790615,True,success,1
13.384183,10,16.794903,True,success,1
12.769579,17,16.801803,True,success,1
12.398189,8,16.805343,True,success,1
12.562944,34,16.818916,True,success,1
12.003906,11,16.823717,True,success,1
12.78,11,16.828249,True,success,1
-4.555556,56,16.84987,False,stalled,1
12.063331,5,16.852581,True,success,1
12.063331,5,16.855154,True,success,1
11.890966,8,16.858651,True,success,1
-3.316884,48,16.933745,False,stalled,1
-2.508491,36,16.948428,False,stalled,1
12.63925,11,16.954387,True,success,1
11.324093,4,16.956777,True,success,1
11.959608,4,16.958982,True,success,1
-2.771713,62,16.980495,False,stalled,1
13.128528,6,16.983608,True,success,1
-3.787368,39,16.998988,False,stalled,1
12.693401,28,17.010237,True,success,1
11.976201,6,17.013634,True,success,1
-3.776014,34,17.026722,False,stalled,1
11.778676,29,17.093906,True,success,1
12.088383,8,17.097512,True,success,1
11.720127,53,17.116229,True,success,1
12.708467,13,17.121807,True,success,1
11.360698,4,17.12402,True,success,1
12.900546,7,17.127209,True,success,1
11.591861,32,17.139517,True,success,1
11.45818,62,17.16247,True,success,1
12.168383,4,17.164729,True,success,1
11.107818,18,17.171794,True,success,1
12.965731,10,17.175967,True,success,1
11.847915,9,17.180043,True,success,1
13.121466,11,17.184534,True,success,1
11.715843,8,17.188032,True,success,1
-3.907469,39,17.258447,False,stalled,1
11.304093,5,17.261319,True,success,1
12.087852,5,17.263929,True,success,1
12.868446,15,17.270088,True,success,1
-3.209452,60,17.291777,False,stalled,1
12.904432,9,17.29574,True,success,1
13.240066,13,17.301087,True,success,1
11.634949,10,17.305677,True,success,1
10.549364,42,17.321397,True,success,1
12.916966,12,17.326267,True,success,1
11.428411,50,17.34477,True,success,1
-3.716,38,17.416208,False,stalled,1
12.935299,9,17.420204,True,success,1
13.18616,7,17.423805,True,success,1
12.794432,17,17.430763,True,success,1
12.316925,32,17.443101,True,success,1
12.904462,15,17.448918,True,success,1
12.213418,8,17.452924,True,success,1
12.248957,22,17.462034,True,success,1
-2.150669,35,17.475506,False,stalled,1
12.046201,5,17.478183,True,success,1
12.551734,12,17.483167,True,success,1
12.557258,11,17.487647,True,success,1
11.837746,4,17.489814,True,success,1
11.690716,13,17.494927,True,success,1
11.858123,8,17.498534,True,success,1
12.638055,10,17.502727,True,success,1
12.047537,8,17.506202,True,success,1
12.656991,19,17.576062,True,success,1
12.681568,14,17.582428,True,success,1
13.187872,16,17.588826,True,success,1
13.301124,13,17.594686,True,success,1
12.86,7,17.597916,True,success,1
11.685288,28,17.60866,True,success,1
11.795843,4,17.610867,True,success,1
12.318963,6,17.613693,True,success,1
-4.69009,45,17.629608,False,stalled,1
13.164017,8,17.633277,True,success,1
11.713226,8,17.637304,True,success,1
12.786049,7,17.640528,True,success,1
12.801767,14,17.646158,True,success,1
-2.747884,40,17.660611,False,stalled,1
12.419248,9,17.664625,True,success,1
12.183562,4,17.666972,True,success,1
13.201466,7,17.67023,True,success,1
11.95532,27,17.736178,True,success,1
11.466719,38,17.74992,True,success,1
9.219808,83,17.778855,True,success,1
12.665142,14,17.785015,True,success,1
11.697987,12,17.790658,True,success,1
12.784354,7,17.79391,True,success,1
-2.31237,45,17.809937,False,stalled,1
12.142411,6,17.812955,True,success,1
11.561302,14,17.818602,True,success,1
11.88434,32,17.887202,True,success,1
13.039106,13,17.892652,True,success,1
-2.695206,37,17.907063,False,stalled,1
11.407818,3,17.909481,True,success,1
12.985755,6,17.912552,True,success,1
12.744705,14,17.918074,True,success,1
13.116002,11,17.922563,True,success,1
-1.775083,53,17.941504,False,stalled,1
11.485102,9,17.945505,True,success,1
13.262373,7,17.948683,True,success,1
-1.292313,46,17.965142,False,stalled,1
12.184089,10,17.969457,True,success,1
11.795843,4,17.971922,True,success,1
12.971254,9,17.97605,True,success,1
11.90454,6,17.979042,True,success,1
12.502876,10,17.98355,True,success,1
11.49693,19,18.047546,True,success,1
12.981665,6,18.050491,True,success,1
11.594789,44,18.06683,True,success,1
12.087852,5,18.069365,True,success,1
12.754078,8,18.072964,True,success,1
12.429979,23,18.081553,True,success,1
12.135917,8,18.085047,True,success,1
12.400465,13,18.090281,True,success,1
11.096753,23,18.099352,True,success,1
12.01745,12,18.104221,True,success,1
12.948273,13,18.110029,True,success,1
11.837746,4,18.112441,True,success,1
12.302873,6,18.115314,True,success,1
11.522786,14,18.120744,True,success,1
-3.141946,33,18.132657,False,stalled,1
-4.542925,48,18.206713,False,stalled,1
12.895525,7,18.210083,True,success,1
11.557056,7,18.213287,True,success,1
12.622598,10,18.217748,True,success,1
12.784354,7,18.221009,True,success,1
12.530337,27,18.230859,True,success,1
11.795843,4,18.233094,True,success,1
11.324093,4,18.235316,True,success,1
11.529623,5,18.237811,True,success,1
12.9,5,18.240384,True,success,1
11.825047,19,18.248585,True,success,1
12.658427,6,18.251462,True,success,1
13.042678,11,18.256366,True,success,1
12.378917,13,18.26197,True,success,1
-3.384988,61,18.284418,False,stalled,1
11.407818,3,18.286427,True,success,1
12.098383,5,18.288924,True,success,1
11.534879,41,18.30428,True,success,1
12.586645,5,18.307112,True,success,1
12.948487,11,18.368361,True,success,1
12.983832,11,18.373065,True,success,1
12.9,5,18.375609,True,success,1
12.102182,44,18.39102,True,success,1
12.777056,6,18.393917,True,success,1
12.64664,25,18.403168,True,success,1
13.053558,6,18.406043,True,success,1
12.103562,8,18.409552,True,success,1
11.897537,13,18.415034,True,success,1
11.514113,4,18.417258,True,success,1
12.183562,4,18.41943,True,success,1
-3.09362,51,18.438762,False,stalled,1
12.754078,8,18.443142,True,success,1
13.18616,7,18.446632,True,success,1
12.601209,12,18.451588,True,success,1
12.02386,5,18.454094,True,success,1
12.855525,9,18.458449,True,success,1
13.182973,9,18.462332,True,success,1
11.930966,6,18.465165,True,success,1
-2.822048,35,18.532904,False,stalled,1
11.722403,6,18.536111,True,success,1
11.904034,20,18.543843,True,success,1
11.531032,14,18.550422,True,success,1
12.825828,9,18.554465,True,success,1
11.656198,60,18.575357,True,success,1
11.234746,20,18.583698,True,success,1
13.12854,10,18.587922,True,success,1
12.168383,4,18.590137,True,success,1
12.86082,13,18.595429,True,success,1
11.662933,7,18.598619,True,success,1
12.682876,6,18.601488,True,success,1
12.794975,15,18.607271,True,success,1
11.947096,7,18.610603,True,success,1
13.338837,9,18.614622,True,success,1
12.619352,14,18.620175,True,success,1
12.349248,10,18.624758,True,success,1
12.333863,7,18.627949,True,success,1
12.860546,9,18.631917,True,success,1
13.368389,10,18.694577,True,success,1
11.755843,6,18.697557,True,success,1
11.572773,5,18.700236,True,success,1
11.286473,5,18.702826,True,success,1
12.137736,36,18.716228,True,success,1
11.388031,18,18.723203,True,success,1
12.078013,6,18.726135,True,success,1
12.86,7,18.729462,True,success,1
-2.121047,70,18.756044,False,stalled,1
11.146473,12,18.761139,True,success,1
13.411201,7,18.7646,True,success,1
13.071254,10,18.768791,True,success,1
12.370376,35,18.781364,True,success,1
13.151659,17,18.788041,True,success,1
11.399623,9,18.791879,True,success,1
12.737056,8,18.858163,True,success,1
12.253418,6,18.861086,True,success,1
12.373863,5,18.863612,True,success,1
-2.418815,47,18.880798,False,stalled,1
11.00239,33,18.893398,True,success,1
11.837746,4,18.895653,True,success,1
12.012785,22,18.90395,True,success,1
12.01327,6,18.906847,True,success,1
11.857156,5,18.909393,True,success,1
13.202973,8,18.912937,True,success,1
11.094819,37,18.927311,True,success,1
12.682876,6,18.930861,True,success,1
13.091099,7,18.934356,True,success,1
-4.095189,31,18.946706,False,stalled,1
-2.440341,36,19.016575,False,stalled,1
12.07974,8,19.020406,True,success,1
11.174093,9,19.024544,True,success,1
11.593879,24,19.033668,True,success,1
12.625706,9,19.038058,True,success,1
12.452032,8,19.041678,True,success,1
12.807992,12,19.046492,True,success,1
12.710392,7,19.049657,True,success,1
12.183562,4,19.052395,True,success,1
12.710392,7,19.05598,True,success,1
12.715567,7,19.059265,True,success,1
11.927436,6,19.062234,True,success,1
12.398704,38,19.076709,True,success,1
-2.483709,58,19.098046,False,stalled,1
12.988273,11,19.102721,True,success,1
12.82,9,19.106563,True,success,1
12.935584,8,19.110172,True,success,1
11.7,5,19.112991,True,success,1
11.360698,4,19.115348,True,success,1
11.757746,8,19.118835,True,success,1
12.904462,15,19.179959,True,success,1
12.168383,4,19.182241,True,success,1
11.979332,19,19.18992,True,success,1
11.075607,81,19.219132,True,success,1
11.74,3,19.221059,True,success,1
13.013558,8,19.22459,True,success,1
-3.226776,34,19.236354,False,stalled,1
-3.576806,34,19.248296,False,stalled,1
11.638678,40,19.262599,True,success,1
12.718507,13,19.267885,True,success,1
11.852689,22,19.332728,True,success,1
-2.412663,62,19.354914,False,stalled,1
12.666023,6,19.35872,True,success,1
12.813967,12,19.363646,True,success,1
12.854705,11,19.368287,True,success,1
12.651099,24,19.377359,True,success,1
12.9,5,19.379884,True,success,1
12.728427,5,19.382379,True,success,1
11.360698,4,19.384535,True,success,1
12.575528,13,19.393179,True,success,1
12.053586,8,19.398332,True,success,1
11.76386,13,19.405214,True,success,1
11.727746,7,19.408931,True,success,1
11.408088,20,19.418687,True,success,1
12.749161,9,19.423262,True,success,1
12.647739,21,19.431159,True,success,1
11.823331,17,19.438261,True,success,1
11.987096,5,19.440769,True,success,1
11.943592,13,19.502746,True,success,1
13.378837,7,19.506022,True,success,1
12.264089,6,19.508865,True,success,1
10.747104,34,19.520748,True,success,1
13.411201,7,19.524227,True,success,1
12.128383,6,19.52748,True,success,1
12.777934,10,19.531653,True,success,1
12.31221,8,19.535156,True,success,1
12.89846,7,19.538307,True,success,1
11.487187,5,19.540922,True,success,1
12.197654,32,19.552266,True,success,1
13.424183,8,19.555903,True,success,1
12.532603,5,19.558425,True,success,1
13.039899,7,19.561589,True,success,1
11.85916,6,19.564439,True,success,1
12.9,5,19.566952,True,success,1
12.86,7,19.570216,True,success,1
-3.501005,44,19.58584,False,stalled,1
11.255171,47,19.602741,True,success,1
12.86,7,19.661976,True,success,1
12.69847,12,19.667303,True,success,1
13.338837,9,19.671352,True,success,1
12.196574,32,19.683278,True,success,1
11.930966,6,19.686523,True,success,1
12.165608,10,19.690848,True,success,1
11.757746,8,19.694798,True,success,1
12.835866,14,19.700468,True,success,1
12.880258,9,19.704422,True,success,1
12.87312,10,19.708595,True,success,1
12.879698,13,19.71394,True,success,1
11.233068,44,19.729942,True,success,1
12.608883,12,19.734797,True,success,1
12.777056,6,19.737626,True,success,1
11.74,3,19.739782,True,success,1
12.418162,32,19.751388,True,success,1
12.73847,10,19.75576,True,success,1
11.93974,20,19.763297,True,success,1
11.909893,5,19.821638,True,success,1
11.89916,4,19.824032,True,success,1
12.855112,14,19.829665,True,success,1
12.709161,11,19.834681,True,success,1
13.111254,8,19.83819,True,success,1
13.100894,7,19.841351,True,success,1
11.617056,4,19.843524,True,success,1
12.687963,10,19.847802,True,success,1
12.862694,11,19.852309,True,success,1
12.005047,10,19.856467,True,success,1
11.474113,6,19.859291,True,success,1
12.410669,21,19.868243,True,success,1
11.930701,13,19.873402,True,success,1
12.878162,9,19.877916,True,success,1
-3.880571,75,19.903624,False,stalled,1
12.439923,26,19.913184,True,success,1
12.542443,17,19.919673,True,success,1
-4.470232,62,19.99701,False,stalled,1
12.113033,25,20.007136,True,success,1
11.890966,8,20.010695,True,success,1
11.487187,5,20.01361,True,success,1
12.063331,5,20.01633,True,success,1
12.86,7,20.019518,True,success,1
11.74,3,20.021374,True,success,1
12.59475,28,20.032747,True,success,1
11.627156,14,20.038458,True,success,1
12.926249,7,20.041873,True,success,1
12.810203,19,20.050057,True,success,1
13.083366,9,20.053945,True,success,1
12.471878,19,20.061824,True,success,1
11.701222,10,20.066031,True,success,1
12.681209,8,20.069528,True,success,1
12.321079,7,20.072734,True,success,1
11.735277,12,20.077773,True,success,1
12.136611,14,20.145387,True,success,1
12.993009,11,20.150159,True,success,1
12.799786,18,20.157804,True,success,1
11.284093,6,20.160672,True,success,1
-3.110168,33,20.173214,False,stalled,1
12.225608,7,20.176649,True,success,1
-2.275223,58,20.198725,False,stalled,1
11.360698,4,20.201113,True,success,1
12.940967,8,20.20464,True,success,1
11.320698,6,20.207476,True,success,1
11.987,40,20.222029,True,success,1
12.376929,7,20.225209,True,success,1
12.932973,19,20.232489,True,success,1
11.367818,5,20.235011,True,success,1
-3.362294,47,20.309213,False,stalled,1
11.347056,15,20.31522,True,success,1
12.326029,8,20.318845,True,success,1
12.063331,5,20.321734,True,success,1
12.02386,5,20.324367,True,success,1
12.264311,10,20.328534,True,success,1
13.011276,8,20.332128,True,success,1
13.061742,12,20.337535,True,success,1
11.623068,13,20.342678,True,success,1
12.401734,17,20.349305,True,success,1
-4.108842,42,20.364039,False,stalled,1
12.792081,7,20.367834,True,success,1
12.318963,6,20.370683,True,success,1
12.707056,7,20.373815,True,success,1
12.952406,11,20.378278,True,success,1
12.862694,11,20.38372,True,success,1
11.781712,7,20.387178,True,success,1
12.087852,5,20.389685,True,success,1
12.11356,9,20.393682,True,success,1
12.107906,9,20.398178,True,success,1
11.562859,15,20.403981,True,success,1
12.675949,32,20.470716,True,success,1
12.453033,8,20.474379,True,success,1
12.682876,6,20.477248,True,success,1
12.778345,21,20.485121,True,success,1
12.378612,17,20.491695,True,success,1
12.739698,20,20.49912,True,success,1
12.949884,8,20.503276,True,success,1
12.61312,18,20.510049,True,success,1
12.187427,6,20.512904,True,success,1
11.742786,8,20.516645,True,success,1
12.051175,15,20.52268,True,success,1
12.858946,15,20.528451,True,success,1
12.187427,6,20.531493,True,success,1
13.091099,7,20.53492,True,success,1
12.754975,17,20.541526,True,success,1
12.530709,19,20.548865,True,success,1
12.814478,25,20.558122,True,success,1
12.952911,19,20.566001,True,success,1
11.795843,4,20.568183,True,success,1
11.801861,24,20.632033,True,success,1
11.437347,23,20.641584,True,success,1
12.358505,23,20.650173,True,success,1
12.858612,8,20.653848,True,success,1
11.762403,4,20.656052,True,success,1
11.529623,5,20.65855,True,success,1
12.935878,11,20.663035,True,success,1
13.083366,9,20.666858,True,success,1
11.410383,8,20.670708,True,success,1
12.639093,14,20.676187,True,success,1
12.981665,6,20.679006,True,success,1
12.86,7,20.682148,True,success,1
12.682876,6,20.685444,True,success,1
12.935577,8,20.688974,True,success,1
13.111254,8,20.692485,True,success,1
11.324093,4,20.694663,True,success,1
12.877866,11,20.699786,True,success,1
12.77846,13,20.705086,True,success,1
12.631734,8,20.708696,True,success,1
-2.922021,34,20.720861,False,stalled,1
11.837746,4,20.723174,True,success,1
12.087537,6,20.726106,True,success,1
11.987096,5,20.728833,True,success,1
12.586645,5,20.731357,True,success,1
12.644909,31,20.799171,True,success,1
12.947866,10,20.803414,True,success,1
12.361079,5,20.806448,True,success,1
12.060161,36,20.819148,True,success,1
11.489623,7,20.822341,True,success,1
11.154113,22,20.830453,True,success,1
13.134485,13,20.836162,True,success,1
11.782786,6,20.839005,True,success,1
11.360698,4,20.841163,True,success,1
12.809744,15,20.847068,True,success,1
12.540701,18,20.855326,True,success,1
12.636574,10,20.85971,True,success,1
11.388528,3,20.861571,True,success,1
11.514113,4,20.86402,True,success,1
12.626596,29,20.8747,True,success,1
11.617056,4,20.876884,True,success,1
11.529623,5,20.87956,True,success,1
11.254093,5,20.882571,True,success,1
13.21643,10,20.88675,True,success,1
12.01115,12,20.891542,True,success,1
11.717154,20,20.956102,True,success,1
12.373863,5,20.959115,True,success,1
11.290698,5,20.96236,True,success,1
13.053558,6,20.965275,True,success,1
12.503094,23,20.97376,True,success,1
12.515529,11,20.978397,True,success,1
-3.088521,80,21.006907,False,stalled,1
12.843296,11,21.011668,True,success,1
12.067287,9,21.015513,True,success,1
11.945843,12,21.020434,True,success,1
12.708811,9,21.024286,True,success,1
12.864445,8,21.027803,True,success,1
12.872543,14,21.033258,True,success,1
11.887436,8,21.03722,True,success,1
11.782786,6,21.040071,True,success,1
11.818963,16,21.046083,True,success,1
12.138434,35,21.116538,True,success,1
12.373863,5,21.119118,True,success,1
11.972435,15,21.125007,True,success,1
12.965299,10,21.129239,True,success,1
10.750025,79,21.157378,True,success,1
12.925317,16,21.163573,True,success,1
13.131169,8,21.167068,True,success,1
12.86,7,21.170684,True,success,1
13.016996,19,21.178547,True,success,1
12.085843,5,21.181161,True,success,1
13.122292,12,21.186378,True,success,1
12.011032,39,21.201238,True,success,1
11.320698,6,21.204638,True,success,1
12.784354,7,21.207959,True,success,1
12.989565,6,21.210861,True,success,1
11.857156,5,21.213452,True,success,1
11.722403,6,21.216923,True,success,1
11.617828,21,21.282414,True,success,1
12.063331,5,21.284966,True,success,1
11.835085,12,21.289712,True,success,1
12.053586,8,21.293364,True,success,1
13.262373,7,21.296638,True,success,1
11.514113,4,21.298811,True,success,1
10.904353,47,21.316376,True,success,1
13.139702,8,21.320121,True,success,1
12.142641,28,21.330809,True,success,1
-3.543084,38,21.344631,False,stalled,1
12.485585,24,21.353866,True,success,1
13.142973,11,21.358771,True,success,1
12.206619,14,21.364553,True,success,1
12.71925,7,21.36803,True,success,1
12.361079,5,21.371053,True,success,1
12.868697,17,21.377452,True,success,1
12.217592,35,21.452912,True,success,1
12.361079,5,21.455477,True,success,1
12.050701,7,21.458645,True,success,1
11.795843,4,21.461425,True,success,1
12.168383,4,21.46377,True,success,1
12.554483,19,21.471052,True,success,1
12.784354,7,21.474199,True,success,1
12.929045,7,21.47794,True,success,1
-4.54847,35,21.490368,False,stalled,1
12.532603,5,21.493642,True,success,1
13.021384,7,21.496872,True,success,1
11.469993,14,21.50255,True,success,1
11.976077,15,21.50869,True,success,1
12.710392,7,21.511991,True,success,1
11.348528,5,21.514536,True,success,1
11.138936,33,21.526741,True,success,1
11.733114,8,21.530256,True,success,1
12.9,5,21.532974,True,success,1
-4.25493,34,21.545731,False,stalled,1
11.549623,4,21.603805,True,success,1
12.183562,4,21.606103,True,success,1
12.601785,24,21.615636,True,success,1
12.61259,11,21.620219,True,success,1
-1.494415,50,21.639489,False,stalled,1
12.919565,7,21.643428,True,success,1
-3.356407,39,21.658566,False,stalled,1
11.797746,6,21.661782,True,success,1
12.9,5,21.664603,True,success,1
12.640549,9,21.668547,True,success,1
11.022248,26,21.679101,True,success,1
11.667578,10,21.683264,True,success,1
12.203266,6,21.6861,True,success,1
12.024681,42,21.701196,True,success,1
12.86,7,21.704848,True,success,1
11.324093,4,21.707724,True,success,1
13.344183,12,21.770705,True,success,1
12.679105,8,21.774525,True,success,1
12.639108,14,21.780346,True,success,1
10.80955,48,21.799575,True,success,1
11.360698,4,21.802133,True,success,1
12.55925,15,21.808433,True,success,1
11.678936,11,21.813561,True,success,1
12.076983,28,21.824178,True,success,1
12.183562,4,21.826509,True,success,1
12.136374,6,21.829816,True,success,1
11.814095,24,21.838809,True,success,1
11.89916,4,21.841266,True,success,1
11.758905,8,21.845438,True,success,1
11.983331,9,21.84936,True,success,1
12.183562,4,21.851967,True,success,1
12.168383,4,21.854234,True,success,1
12.557756,20,21.862559,True,success,1
12.542443,17,21.869582,True,success,1
13.112547,10,21.874574,True,success,1
12.264089,6,21.877592,True,success,1
12.484465,32,21.948307,True,success,1
12.719105,6,21.952021,True,success,1
12.9,5,21.955062,True,success,1
11.789893,11,21.959573,True,success,1
12.975878,9,21.963407,True,success,1
12.373863,5,21.965904,True,success,1
12.473033,7,21.969193,True,success,1
11.716617,17,21.97566,True,success,1
12.147287,5,21.978149,True,success,1
12.782663,7,21.981341,True,success,1
12.9,5,21.983898,True,success,1
12.064106,8,21.9874,True,success,1
12.777934,10,21.99167,True,success,1
12.787736,6,21.994488,True,success,1
12.823296,12,21.999382,True,success,1
12.187427,6,22.002257,True,success,1
11.407818,3,22.004093,True,success,1
12.587546,29,22.014553,True,success,1
13.411201,7,22.017761,True,success,1
12.900125,10,22.02191,True,success,1
12.73259,10,22.026037,True,success,1
12.137195,8,22.029638,True,success,1
11.388528,3,22.031533,True,success,1
12.883296,9,22.035392,True,success,1
12.629938,8,22.038864,True,success,1
12.606709,10,22.043012,True,success,1
12.777056,6,22.045974,True,success,1
12.580404,17,22.11223,True,success,1
11.45327,34,22.125711,True,success,1
12.981384,9,22.129808,True,success,1
12.373863,5,22.132327,True,success,1
12.027263,8,22.135924,True,success,1
12.278963,8,22.139411,True,success,1
13.06275,7,22.142581,True,success,1
11.837746,4,22.144746,True,success,1
11.909893,5,22.147228,True,success,1
12.907102,8,22.150985,True,success,1
12.949884,8,22.154473,True,success,1
-2.531623,52,22.172579,False,stalled,1
12.125184,42,22.188741,True,success,1
12.8592,7,22.192261,True,success,1
11.713226,8,22.196213,True,success,1
13.053558,6,22.199078,True,success,1
12.86,7,22.20223,True,success,1
-2.842073,64,22.281881,False,stalled,1
11.648088,8,22.286094,True,success,1
12.373863,5,22.28906,True,success,1
12.416197,6,22.291905,True,success,1
13.091099,7,22.295085,True,success,1
12.373863,5,22.297579,True,success,1
-3.529884,36,22.310344,False,stalled,1
12.7792,11,22.314949,True,success,1
12.941115,15,22.32173,True,success,1
13.163548,9,22.326012,True,success,1
-4.420635,54,22.345238,False,stalled,1
12.666023,6,22.349063,True,success,1
12.087537,6,22.352462,True,success,1
13.378837,7,22.35606,True,success,1
12.566709,12,22.360937,True,success,1
11.795843,4,22.363665,True,success,1
12.865755,12,22.368675,True,success,1
11.977707,45,22.444714,True,success,1
12.958487,8,22.448508,True,success,1
12.142411,6,22.45163,True,success,1
12.598757,19,22.460407,True,success,1
12.136077,7,22.464447,True,success,1
12.926249,7,22.467746,True,success,1
12.755567,5,22.471158,True,success,1
11.635854,9,22.475219,True,success,1
12.080584,42,22.491792,True,success,1
12.776712,11,22.496987,True,success,1
12.68358,23,22.505779,True,success,1
12.895577,10,22.510153,True,success,1
-2.086513,36,22.524432,False,stalled,1
12.747934,9,22.528917,True,success,1
-3.21404,32,22.541571,False,stalled,1
12.147287,5,22.605607,True,success,1
12.65995,8,22.610101,True,success,1
-1.919906,41,22.625707,False,stalled,1
11.518099,48,22.643574,True,success,1
12.526447,21,22.65156,True,success,1
-3.97267,61,22.674686,False,stalled,1
12.136374,6,22.677804,True,success,1
13.042678,11,22.682301,True,success,1
-2.966667,39,22.696195,False,stalled,1
11.959608,4,22.699235,True,success,1
12.715567,7,22.702785,True,success,1
11.374113,11,22.77399,True,success,1
12.142411,6,22.77744,True,success,1
12.899948,10,22.781896,True,success,1
13.262373,7,22.785295,True,success,1
12.976408,9,22.789535,True,success,1
10.936743,23,22.79866,True,success,1
12.586645,5,22.801162,True,success,1
11.795843,4,22.803488,True,success,1
12.707736,10,22.808263,True,success,1
12.336929,9,22.812642,True,success,1
12.976408,9,22.816645,True,success,1
12.825828,9,22.821237,True,success,1
11.98386,7,22.82506,True,success,1
12.510438,14,22.830661,True,success,1
11.407818,3,22.832695,True,success,1
12.548427,14,22.83889,True,success,1
12.168383,4,22.841651,True,success,1
13.005299,8,22.845707,True,success,1
12.265608,5,22.848233,True,success,1
12.988784,8,22.853041,True,success,1
11.97869,41,22.869134,True,success,1
12.142411,6,22.872275,True,success,1
11.837746,4,22.874667,True,success,1
11.90327,9,22.878797,True,success,1
12.823529,8,22.882984,True,success,1
12.183562,4,22.885175,True,success,1
12.710546,14,22.89071,True,success,1
11.529623,5,22.961777,True,success,1
12.01327,6,22.965337,True,success,1
11.74,3,22.967365,True,success,1
11.89916,4,22.970078,True,success,1
11.617056,4,22.972859,True,success,1
12.728427,5,22.976863,True,success,1
-3.448816,57,23.001598,False,stalled,1
11.930966,6,23.005254,True,success,1
12.929045,7,23.008533,True,success,1
12.880258,9,23.012532,True,success,1
11.957287,12,23.017491,True,success,1
12.333863,7,23.020956,True,success,1
12.02386,5,23.023504,True,success,1
12.629938,8,23.027038,True,success,1
12.864445,8,23.030581,True,success,1
13.14616,9,23.034991,True,success,1
12.905632,6,23.037937,True,success,1
12.084095,13,23.043256,True,success,1
12.543371,17,23.05045,True,success,1
11.407818,3,23.053236,True,success,1
12.682954,9,23.058118,True,success,1
12.190779,10,23.063809,True,success,1
12.183562,4,23.066125,True,success,1
11.407818,3,23.067972,True,success,1
13.081417,9,23.071875,True,success,1
-3.019157,35,23.145019,False,stalled,1
12.951663,8,23.148729,True,success,1
12.373863,5,23.151317,True,success,1
12.934822,11,23.156057,True,success,1
11.522403,16,23.162218,True,success,1
11.419623,8,23.165739,True,success,1
11.730885,22,23.174925,True,success,1
12.682876,6,23.178274,True,success,1
12.823878,9,23.182281,True,success,1
12.088725,9,23.18688,True,success,1
12.889744,11,23.191954,True,success,1
11.642859,11,23.196712,True,success,1
12.585726,25,23.207868,True,success,1
12.341538,22,23.216775,True,success,1
12.926249,7,23.220411,True,success,1
12.620973,10,23.224855,True,success,1
12.39328,8,23.228927,True,success,1
12.854728,12,23.234218,True,success,1
12.908487,13,23.239542,True,success,1
11.679681,7,23.242848,True,success,1
12.86,7,23.24638,True,success,1
12.86,7,23.250069,True,success,1
11.869893,7,23.253221,True,success,1
12.104106,6,23.256038,True,success,1
10.655975,59,23.335451,True,success,1
13.084045,10,23.340344,True,success,1
11.284093,6,23.343349,True,success,1
11.749893,13,23.348792,True,success,1
12.976921,6,23.351963,True,success,1
13.011276,8,23.356554,True,success,1
12.86,7,23.359807,True,success,1
12.741471,9,23.363619,True,success,1
12.934909,14,23.369586,True,success,1
12.124089,13,23.375542,True,success,1
12.981665,6,23.3785,True,success,1
12.97329,10,23.382936,True,success,1
12.719105,6,23.386544,True,success,1
12.193418,9,23.390515,True,success,1
12.231614,47,23.408397,True,success,1
11.970701,11,23.412915,True,success,1
12.281657,19,23.421028,True,success,1
12.906921,7,23.424389,True,success,1
12.298386,19,23.491999,True,success,1
12.013586,10,23.49626,True,success,1
11.927436,6,23.499114,True,success,1
11.689611,22,23.507388,True,success,1
12.203266,6,23.510221,True,success,1
12.784354,7,23.513379,True,success,1
11.699611,24,23.523349,True,success,1
12.719105,6,23.526644,True,success,1
12.130339,9,23.530471,True,success,1
11.797504,10,23.53555,True,success,1
12.855857,6,23.53905,True,success,1
12.9645,15,23.54516,True,success,1
12.572583,18,23.553033,True,success,1
12.30328,10,23.557193,True,success,1
11.407818,3,23.55902,True,success,1
-3.939591,32,23.571653,False,stalled,1
12.855525,9,23.57608,True,success,1
12.926249,7,23.579278,True,success,1
12.264051,26,23.589738,True,success,1
13.231944,9,23.59374,True,success,1
12.373863,5,23.655116,True,success,1
12.981665,6,23.658678,True,success,1
11.514113,4,23.660929,True,success,1
12.631609,22,23.669805,True,success,1
11.407818,3,23.671931,True,success,1
11.930966,6,23.674857,True,success,1
12.062436,50,23.694478,True,success,1
13.144183,22,23.703767,True,success,1
12.063331,5,23.706979,True,success,1
12.8592,7,23.7103,True,success,1
11.514113,4,23.712738,True,success,1
11.599266,32,23.725164,True,success,1
13.091099,7,23.729176,True,success,1
12.934705,7,23.73258,True,success,1
12.847992,10,23.737579,True,success,1
11.549623,4,23.739815,True,success,1
11.277972,18,23.74654,True,success,1
11.360698,4,23.7488,True,success,1
12.21137,29,23.759959,True,success,1
11.755843,6,23.762992,True,success,1
12.264089,6,23.76676,True,success,1
12.183562,4,23.82907,True,success,1
10.830793,50,23.848332,True,success,1
12.907102,8,23.852108,True,success,1
12.755567,5,23.854692,True,success,1
12.600549,11,23.860466,True,success,1
12.253418,6,23.863374,True,success,1
12.883548,23,23.872567,True,success,1
12.69847,12,23.877549,True,success,1
12.629938,8,23.881362,True,success,1
11.860309,27,23.892094,True,success,1
12.036519,9,23.89637,True,success,1
12.685036,10,23.901042,True,success,1
12.942694,7,23.904436,True,success,1
12.819351,22,23.913164,True,success,1
12.716157,21,23.921518,True,success,1
11.887537,16,23.927749,True,success,1
13.378837,7,23.931115,True,success,1
12.714965,9,23.935313,True,success,1
12.652028,7,23.993889,True,success,1
11.733068,10,23.998158,True,success,1
11.743438,5,24.000702,True,success,1
12.674566,12,24.005509,True,success,1
11.596072,19,24.014199,True,success,1
11.795843,4,24.016407,True,success,1
12.958487,8,24.020311,True,success,1
12.373863,5,24.022966,True,success,1
12.927461,9,24.02723,True,success,1
-2.241552,39,24.042309,False,stalled,1
12.96275,12,24.047785,True,success,1
11.425107,11,24.052619,True,success,1
12.71925,7,24.056002,True,success,1
12.704354,11,24.060791,True,success,1
11.742726,12,24.065641,True,success,1
12.478055,18,24.073305,True,success,1
13.21643,10,24.077473,True,success,1
12.185909,42,24.09375,True,success,1
12.934705,7,24.097189,True,success,1
12.190609,7,24.101295,True,success,1
12.496852,36,24.177488,True,success,1
13.088528,8,24.181391,True,success,1
13.411201,7,24.18478,True,success,1
12.855857,6,24.187811,True,success,1
12.920258,7,24.191516,True,success,1
12.63744,22,24.200099,True,success,1
11.183177,24,24.210027,True,success,1
12.886993,15,24.216617,True,success,1
12.933558,12,24.222308,True,success,1
13.084791,7,24.225983,True,success,1
12.754566,8,24.229813,True,success,1
12.618427,8,24.233534,True,success,1
12.018963,21,24.24228,True,success,1
12.757069,11,24.24675,True,success,1
11.7,5,24.24924,True,success,1
11.68571,6,24.252869,True,success,1
11.74,3,24.25477,True,success,1
-2.753479,36,24.267616,False,stalled,1
12.333863,7,24.271556,True,success,1
12.730564,14,24.337528,True,success,1
12.728427,5,24.340335,True,success,1
12.848281,34,24.353116,True,success,1
12.8192,9,24.356976,True,success,1
11.89916,4,24.359134,True,success,1
12.839173,11,24.363801,True,success,1
-3.226345,82,24.395183,False,stalled,1
13.019351,12,24.400359,True,success,1
11.56571,12,24.405571,True,success,1
11.782786,6,24.408818,True,success,1
12.715567,7,24.411996,True,success,1
12.785142,8,24.41599,True,success,1
12.801099,14,24.421894,True,success,1
13.06275,7,24.425094,True,success,1
12.938199,12,24.430073,True,success,1
12.318963,6,24.432915,True,success,1
12.989565,6,24.436332,True,success,1
11.909893,5,24.438956,True,success,1
11.172773,25,24.505468,True,success,1
12.760258,15,24.512499,True,success,1
12.063331,5,24.515068,True,success,1
11.517152,13,24.520643,True,success,1
11.367818,5,24.523171,True,success,1
11.679803,17,24.530066,True,success,1
12.450226,28,24.54056,True,success,1
12.843296,11,24.545393,True,success,1
12.421867,12,24.550448,True,success,1
12.190609,7,24.554159,True,success,1
12.900546,7,24.557463,True,success,1
12.981665,6,24.560434,True,success,1
12.361079,5,24.563008,True,success,1
12.594315,22,24.571349,True,success,1
12.063331,5,24.574185,True,success,1
11.959608,4,24.576452,True,success,1
11.887915,7,24.579761,True,success,1
12.8592,7,24.583205,True,success,1
13.016408,7,24.586374,True,success,1
11.36543,25,24.596058,True,success,1
11.804629,18,24.603137,True,success,1
12.737056,8,24.607594,True,success,1
11.675843,10,24.612109,True,success,1
11.388528,3,24.673215,True,success,1
12.085843,5,24.67582,True,success,1
12.479248,6,24.679011,True,success,1
12.373863,5,24.68205,True,success,1
12.710392,7,24.685536,True,success,1
12.934432,10,24.689831,True,success,1
11.697683,54,24.710344,True,success,1
12.187427,6,24.714178,True,success,1
12.879565,9,24.719282,True,success,1
11.407818,3,24.721902,True,success,1
12.047852,7,24.726206,True,success,1
12.801767,14,24.731725,True,success,1
12.318963,6,24.734663,True,success,1
12.048268,7,24.738163,True,success,1
-4.033523,76,24.766318,False,stalled,1
-2.2779,39,24.837761,False,stalled,1
12.976921,6,24.840835,True,success,1
13.053558,6,24.84426,True,success,1
12.617827,23,24.853893,True,success,1
-2.028147,35,24.866908,False,stalled,1
11.897962,23,24.876045,True,success,1
12.085843,5,24.87857,True,success,1
12.0301,10,24.882749,True,success,1
12.60159,21,24.891335,True,success,1
11.032191,17,24.898403,True,success,1
12.674445,15,24.905364,True,success,1
13.262373,7,24.908781,True,success,1
11.97327,8,24.912462,True,success,1
-3.613379,67,24.938212,False,stalled,1
-2.233103,42,25.021073,False,stalled,1
11.959608,4,25.023437,True,success,1
13.051099,9,25.027575,True,success,1
12.974822,9,25.031523,True,success,1
12.373863,5,25.034341,True,success,1
13.202973,8,25.038317,True,success,1
12.8192,9,25.043216,True,success,1
12.540637,22,25.053173,True,success,1
11.829893,9,25.058053,True,success,1
12.147287,5,25.06173,True,success,1
12.168383,4,25.064314,True,success,1
11.987096,5,25.068348,True,success,1
12.777056,6,25.072531,True,success,1
13.156002,9,25.078093,True,success,1
12.389446,22,25.088732,True,success,1
11.90829,29,25.100153,True,success,1
12.093418,14,25.106288,True,success,1
11.927436,6,25.109582,True,success,1
11.85916,6,25.112561,True,success,1
13.204017,6,25.115741,True,success,1
11.416921,5,25.118733,True,success,1
12.280309,11,25.124028,True,success,1
12.073185,13,25.129586,True,success,1
13.25643,8,25.133591,True,success,1
12.678165,20,25.202633,True,success,1
13.18616,7,25.206091,True,success,1
12.755567,5,25.209179,True,success,1
12.361079,5,25.211855,True,success,1
12.628427,10,25.217148,True,success,1
12.718783,21,25.227688,True,success,1
12.168383,4,25.230294,True,success,1
11.733068,10,25.234968,True,success,1
12.168383,4,25.237376,True,success,1
12.856991,9,25.241733,True,success,1
12.976921,6,25.244572,True,success,1
13.18616,7,25.247727,True,success,1
11.927436,6,25.250552,True,success,1
11.388528,3,25.252365,True,success,1
11.795843,4,25.255229,True,success,1
12.103562,8,25.25879,True,success,1
12.168383,4,25.261004,True,success,1
-2.999993,40,25.276194,False,stalled,1
12.02386,5,25.278972,True,success,1
11.930966,6,25.282006,True,success,1
11.337818,4,25.284571,True,success,1
11.722351,7,25.287742,True,success,1
13.077307,10,25.292365,True,success,1
-2.404217,48,25.311642,False,stalled,1
12.920258,7,25.373773,True,success,1
13.044791,9,25.378129,True,success,1
11.737032,30,25.388968,True,success,1
12.919565,7,25.392152,True,success,1
12.948487,11,25.3967,True,success,1
11.470383,5,25.399197,True,success,1
12.156077,6,25.402067,True,success,1
12.815857,8,25.406623,True,success,1
12.20945,14,25.412695,True,success,1
12.942694,7,25.416253,True,success,1
11.358425,28,25.427634,True,success,1
12.531878,22,25.436811,True,success,1
12.8592,7,25.439997,True,success,1
11.635854,9,25.44425,True,success,1
11.959608,4,25.446408,True,success,1
12.976921,6,25.449698,True,success,1
12.063331,5,25.452347,True,success,1
11.798936,5,25.454988,True,success,1
12.755567,5,25.457774,True,success,1
12.9,5,25.460289,True,success,1
11.74,3,25.462273,True,success,1
13.044017,14,25.468934,True,success,1
12.589938,10,25.473433,True,success,1
-2.668413,100,25.574745,False,max_steps,1
12.747736,8,25.578426,True,success,1
12.989565,6,25.581265,True,success,1
12.728427,5,25.583765,True,success,1
12.908446,13,25.58904,True,success,1
11.307695,9,25.592865,True,success,1
11.388528,3,25.5948,True,success,1
11.416921,5,25.597314,True,success,1
11.762403,4,25.599467,True,success,1
12.787069,12,25.60452,True,success,1
12.98082,7,25.607682,True,success,1
11.543912,12,25.612471,True,success,1
12.855857,6,25.615379,True,success,1
11.959608,4,25.618123,True,success,1
12.61995,10,25.62277,True,success,1
12.787736,6,25.625803,True,success,1
11.905497,7,25.629098,True,success,1
12.377159,24,25.638562,True,success,1
11.98386,7,25.641761,True,success,1
13.077307,10,25.646835,True,success,1
12.265608,5,25.649724,True,success,1
11.618453,11,25.6545,True,success,1
11.100698,17,25.720014,True,success,1
11.798936,5,25.723639,True,success,1
11.617056,4,25.725873,True,success,1
12.04394,10,25.73009,True,success,1
12.369248,9,25.733971,True,success,1
-3.457922,42,25.750676,False,stalled,1
11.734256,10,25.755651,True,success,1
11.795843,4,25.757833,True,success,1
12.949173,8,25.761373,True,success,1
13.011276,8,25.764882,True,success,1
12.777056,6,25.768214,True,success,1
11.64239,6,25.771591,True,success,1
13.005584,7,25.774903,True,success,1
11.505107,7,25.778308,True,success,1
11.324093,4,25.780498,True,success,1
12.926249,7,25.784497,True,success,1
11.959608,4,25.786776,True,success,1
12.787736,6,25.790143,True,success,1
12.168383,4,25.792435,True,success,1
11.564845,19,25.800522,True,success,1
12.13974,10,25.804705,True,success,1
12.638355,11,25.809176,True,success,1
11.307818,8,25.812936,True,success,1
12.949619,7,25.816709,True,success,1
11.85469,23,25.825925,True,success,1
11.782786,6,25.829195,True,success,1
12.133418,12,25.834204,True,success,1
12.935878,11,25.896668,True,success,1
11.459623,6,25.899581,True,success,1
13.128528,6,25.902577,True,success,1
11.540915,41,25.917923,True,success,1
11.89916,4,25.920612,True,success,1
11.367818,5,25.923186,True,success,1
12.74,13,25.928326,True,success,1
13.003474,12,25.933141,True,success,1
11.90454,6,25.936081,True,success,1
11.635719,30,25.946827,True,success,1
12.635947,14,25.953219,True,success,1
13.113628,16,25.959929,True,success,1
12.43496,20,25.968463,True,success,1
12.586191,10,25.972625,True,success,1
12.4551,22,25.980836,True,success,1
12.789673,12,25.985708,True,success,1
13.046993,7,25.988874,True,success,1
13.249753,10,25.993186,True,success,1
12.239616,10,25.998654,True,success,1
12.98082,7,26.002074,True,success,1
11.681032,9,26.062857,True,success,1
13.202973,8,26.06646,True,success,1
12.951663,8,26.069962,True,success,1
12.063331,5,26.073253,True,success,1
13.003366,13,26.078824,True,success,1
13.020912,14,26.084792,True,success,1
12.288189,11,26.090025,True,success,1
-3.587903,48,26.108004,False,stalled,1
11.979266,16,26.114683,True,success,1
12.303863,6,26.117936,True,success,1
12.453033,8,26.121571,True,success,1
13.022652,8,26.125738,True,success,1
12.045047,8,26.129332,True,success,1
13.080676,13,26.134716,True,success,1
11.844095,25,26.143771,True,success,1
12.676574,8,26.147734,True,success,1
12.666023,6,26.151003,True,success,1
12.136374,6,26.153959,True,success,1
12.063331,5,26.156598,True,success,1
11.392773,14,26.162908,True,success,1
12.168383,4,26.165347,True,success,1
12.856249,8,26.16883,True,success,1
12.787736,6,26.171674,True,success,1
13.083474,8,26.230944,True,success,1
12.107843,8,26.234519,True,success,1
-3.034149,58,26.255081,False,stalled,1
12.046201,5,26.257753,True,success,1
12.625142,16,26.263988,True,success,1
12.265608,5,26.266498,True,success,1
12.373863,5,26.269507,True,success,1
12.682876,6,26.272648,True,success,1
13.124909,7,26.275885,True,success,1
13.204017,6,26.278713,True,success,1
12.809786,15,26.285038,True,success,1
11.946816,25,26.294013,True,success,1
11.840054,15,26.299964,True,success,1
12.82,9,26.303937,True,success,1
-2.875645,36,26.317914,False,stalled,1
13.018459,12,26.322885,True,success,1
10.938794,23,26.387725,True,success,1
12.626023,8,26.392032,True,success,1
12.345968,44,26.408821,True,success,1
12.976921,6,26.411689,True,success,1
11.557746,18,26.418448,True,success,1
12.063331,5,26.42096,True,success,1
11.89916,4,26.423944,True,success,1
12.168383,4,26.426312,True,success,1
12.100779,12,26.431311,True,success,1
12.865828,7,26.434525,True,success,1
12.505857,21,26.443492,True,success,1
11.500521,38,26.457499,True,success,1
-3.352564,41,26.473868,False,stalled,1
13.128528,6,26.476934,True,success,1
11.74,3,26.47889,True,success,1
12.690423,9,26.483249,True,success,1
12.321079,7,26.486434,True,success,1
12.9,5,26.488934,True,success,1
12.898105,11,26.49339,True,success,1
13.053558,6,26.552408,True,success,1
11.953063,24,26.561407,True,success,1
12.937642,13,26.566553,True,success,1
13.262373,7,26.569735,True,success,1
12.800258,13,26.575159,True,success,1
12.901665,10,26.580011,True,success,1
11.837746,4,26.582305,True,success,1
12.598055,12,26.587148,True,success,1
11.80911,12,26.592569,True,success,1
11.74,3,26.594489,True,success,1
11.64239,6,26.59732,True,success,1
12.9,5,26.59981,True,success,1
11.782786,6,26.602714,True,success,1
12.999786,8,26.606387,True,success,1
12.183562,4,26.608641,True,success,1
13.015878,7,26.611804,True,success,1
13.152911,9,26.615617,True,success,1
-4.30981,32,26.627736,False,stalled,1
11.89916,4,26.630328,True,success,1
13.015878,7,26.633585,True,success,1
13.271201,9,26.638195,True,success,1
12.755567,5,26.640713,True,success,1
12.179533,17,26.647351,True,success,1
12.942694,7,26.650804,True,success,1
12.088383,8,26.654615,True,success,1
12.361079,5,26.657102,True,success,1
12.976921,6,26.659902,True,success,1
12.722441,7,26.812209,True,success,2
12.279189,5,26.814793,True,success,2
12.844898,11,26.819745,True,success,2
11.347818,6,26.822633,True,success,2
-1.407097,42,26.838395,False,stalled,2
13.892526,11,26.843071,True,success,2
12.644525,32,26.855265,True,success,2
-2.796364,53,26.874771,False,stalled,2
-3.724247,43,26.890803,False,stalled,2
13.743399,16,26.897966,True,success,2
-2.136271,39,26.968597,False,stalled,2
11.716937,5,26.971437,True,success,2
13.474781,17,26.978183,True,success,2
-2.031877,47,26.994767,False,stalled,2
12.125063,12,26.99984,True,success,2
11.724023,19,27.007952,True,success,2
-3.867664,36,27.020882,False,stalled,2
11.959608,4,27.023237,True,success,2
13.815336,27,27.033447,True,success,2
-2.047073,42,27.048856,False,stalled,2
13.160808,14,27.055795,True,success,2
-3.326727,45,27.128855,False,stalled,2
-3.623021,92,27.161038,False,stalled,2
12.601141,7,27.164404,True,success,2
13.123548,11,27.168951,True,success,2
14.222096,10,27.173979,True,success,2
12.553603,15,27.180146,True,success,2
13.664078,14,27.185771,True,success,2
-3.183373,34,27.198256,False,stalled,2
13.539387,15,27.204803,True,success,2
-2.528113,67,27.285585,False,stalled,2
11.294243,29,27.296405,True,success,2
13.826316,11,27.300978,True,success,2
-1.826978,63,27.323925,False,stalled,2
-3.862319,46,27.341122,False,stalled,2
11.919803,5,27.343845,True,success,2
14.033218,14,27.349474,True,success,2
-2.63915,72,27.432099,False,stalled,2
14.266858,10,27.436652,True,success,2
12.926218,11,27.441184,True,success,2
13.084791,7,27.444383,True,success,2
12.02386,5,27.447079,True,success,2
12.394676,23,27.455572,True,success,2
-5.1,30,27.466182,False,stalled,2
11.685894,15,27.472178,True,success,2
12.755567,5,27.47474,True,success,2
-3.838389,33,27.486723,False,stalled,2
12.502347,15,27.492799,True,success,2
13.869548,11,27.497294,True,success,2
12.278963,8,27.500812,True,success,2
-2.230271,52,27.519694,False,stalled,2
13.678015,15,27.528265,True,success,2
11.360779,29,27.600516,True,success,2
12.490919,35,27.61356,True,success,2
12.661099,26,27.623568,True,success,2
11.920606,34,27.636524,True,success,2
11.201596,29,27.64789,True,success,2
12.087852,5,27.650539,True,success,2
12.261854,26,27.660701,True,success,2
-3.693526,75,27.74424,False,stalled,2
13.82505,10,27.749069,True,success,2
-5.1,30,27.760355,False,stalled,2
-3.765952,38,27.774227,False,stalled,2
-2.791677,54,27.793692,False,stalled,2
13.648851,7,27.797907,True,success,2
12.919673,8,27.801811,True,success,2
12.361079,5,27.804822,True,success,2
12.860309,20,27.812771,True,success,2
-5.0,30,27.823577,False,stalled,2
-3.714571,55,27.899455,False,stalled,2
13.573296,25,27.909212,True,success,2
12.78604,9,27.913105,True,success,2
11.327906,48,27.930082,True,success,2
11.549623,4,27.932334,True,success,2
13.060894,9,27.936333,True,success,2
13.336948,12,27.9412,True,success,2
14.172147,11,27.94574,True,success,2
-2.959078,34,27.957903,False,stalled,2
13.291001,16,27.964343,True,success,2
12.795412,46,27.981738,True,success,2
-2.345002,33,27.994033,False,stalled,2
12.147287,5,27.99691,True,success,2
12.379248,11,28.066333,True,success,2
11.617056,4,28.068712,True,success,2
12.566358,14,28.075392,True,success,2
-2.188517,45,28.092244,False,stalled,2
12.007852,9,28.096384,True,success,2
12.308344,53,28.114877,True,success,2
13.39366,25,28.12506,True,success,2
13.081246,26,28.134918,True,success,2
-3.786737,51,28.156781,False,stalled,2
-2.452372,36,28.23086,False,stalled,2
10.968943,45,28.248319,True,success,2
9.48735,49,28.266256,True,success,2
12.242146,45,28.28348,True,success,2
14.248528,10,28.288054,True,success,2
12.695838,37,28.30262,True,success,2
-3.065269,50,28.321166,False,stalled,2
11.635588,29,28.389366,True,success,2
13.371201,9,28.394022,True,success,2
12.361079,5,28.396796,True,success,2
11.568977,47,28.413862,True,success,2
11.887436,8,28.417712,True,success,2
13.524981,7,28.421121,True,success,2
12.087537,6,28.424578,True,success,2
12.789565,16,28.43095,True,success,2
12.585632,22,28.439677,True,success,2
11.987096,5,28.442228,True,success,2
13.496149,15,28.448047,True,success,2
13.736312,11,28.452805,True,success,2
-2.753175,46,28.468991,False,stalled,2
13.792315,9,28.473052,True,success,2
13.775532,24,28.481803,True,success,2
11.324093,4,28.540597,True,success,2
12.271883,81,28.570815,True,success,2
12.131079,46,28.587123,True,success,2
12.821115,21,28.595947,True,success,2
-3.555327,34,28.608467,False,stalled,2
-3.85632,42,28.623866,False,stalled,2
12.265608,5,28.626578,True,success,2
13.393352,21,28.634549,True,success,2
12.987866,8,28.695296,True,success,2
13.124045,8,28.699237,True,success,2
11.187215,42,28.71461,True,success,2
13.59022,19,28.721707,True,success,2
13.39479,15,28.728369,True,success,2
12.719105,6,28.731452,True,success,2
13.384734,11,28.736252,True,success,2
12.583444,16,28.742816,True,success,2
14.399852,9,28.746667,True,success,2
-1.615726,53,28.766289,False,stalled,2
-0.94871,46,28.783837,False,stalled,2
12.263746,7,28.787771,True,success,2
13.849914,12,28.79285,True,success,2
12.380308,29,28.8599,True,success,2
14.394113,10,28.86443,True,success,2
11.837746,4,28.866826,True,success,2
13.490588,8,28.870409,True,success,2
11.246473,7,28.873874,True,success,2
11.826148,8,28.877444,True,success,2
12.616983,11,28.882283,True,success,2
-3.352016,55,28.902205,False,stalled,2
12.942694,7,28.905551,True,success,2
13.051692,54,28.925618,True,success,2
13.661875,9,28.929948,True,success,2
11.578453,13,28.935238,True,success,2
13.870624,10,28.939649,True,success,2
13.670044,18,28.946673,True,success,2
-2.280135,44,29.020333,False,stalled,2
13.524817,26,29.03024,True,success,2
12.241079,11,29.035067,True,success,2
13.857972,24,29.043933,True,success,2
-1.991764,56,29.064189,False,stalled,2
-2.812918,37,29.077881,False,stalled,2
13.740404,23,29.086732,True,success,2
13.243512,22,29.095954,True,success,2
12.728427,5,29.098571,True,success,2
13.098459,8,29.102175,True,success,2
-2.859387,35,29.171758,False,stalled,2
13.200306,37,29.185743,True,success,2
12.088383,8,29.189377,True,success,2
11.89916,4,29.191653,True,success,2
-2.19943,38,29.205762,False,stalled,2
12.087976,6,29.209993,True,success,2
13.789574,12,29.21619,True,success,2
12.037798,6,29.21914,True,success,2
12.770146,17,29.225709,True,success,2
12.5825,17,29.232576,True,success,2
12.158676,10,29.23723,True,success,2
13.320697,16,29.243912,True,success,2
-4.047978,33,29.255578,False,stalled,2
-5.248014,46,29.336136,False,stalled,2
11.348528,5,29.339157,True,success,2
-2.544592,59,29.360323,False,stalled,2
13.951545,10,29.365036,True,success,2
13.462595,8,29.369141,True,success,2
11.795843,4,29.371353,True,success,2
11.159634,17,29.377874,True,success,2
11.845212,12,29.382877,True,success,2
13.498084,22,29.391006,True,success,2
13.503389,12,29.396315,True,success,2
12.181878,31,29.407752,True,success,2
13.206541,28,29.418447,True,success,2
11.420547,20,29.425952,True,success,2
12.8592,7,29.429219,True,success,2
-1.456476,62,29.509328,False,stalled,2
11.309404,7,29.513152,True,success,2
12.669536,13,29.518567,True,success,2
11.943126,12,29.52455,True,success,2
11.091518,35,29.538084,True,success,2
13.703495,27,29.5483,True,success,2
12.640549,9,29.552805,True,success,2
11.062191,13,29.558109,True,success,2
12.92572,10,29.562502,True,success,2
-2.050453,42,29.577496,False,stalled,2
12.965866,15,29.584414,True,success,2
12.744347,18,29.591466,True,success,2
12.168383,4,29.593704,True,success,2
12.80159,11,29.655201,True,success,2
-3.022788,45,29.671854,False,stalled,2
12.438189,6,29.675078,True,success,2
11.621129,26,29.684817,True,success,2
13.584923,15,29.690981,True,success,2
-2.869228,52,29.709906,False,stalled,2
-1.687945,40,29.724484,False,stalled,2
12.21974,6,29.727656,True,success,2
13.819839,15,29.73447,True,success,2
13.993568,9,29.738721,True,success,2
12.600549,11,29.743301,True,success,2
11.432629,26,29.810539,True,success,2
12.361079,5,29.813296,True,success,2
13.520116,13,29.818686,True,success,2
13.814289,13,29.824533,True,success,2
12.89846,7,29.82794,True,success,2
14.117199,11,29.83268,True,success,2
12.168383,4,29.834897,True,success,2
-2.537683,48,29.853366,False,stalled,2
12.885731,14,29.85922,True,success,2
-4.895072,34,29.871061,False,stalled,2
12.915301,35,29.883743,True,success,2
13.784078,8,29.888284,True,success,2
12.01527,39,29.902972,True,success,2
-4.08262,42,29.975189,False,stalled,2
-3.295076,36,29.988213,False,stalled,2
13.804597,7,29.991968,True,success,2
13.743766,9,29.996114,True,success,2
13.712577,35,30.009479,True,success,2
-4.202282,50,30.028127,False,stalled,2
11.869893,7,30.0315,True,success,2
-1.70839,53,30.050409,False,stalled,2
-2.924311,41,30.121694,False,stalled,2
13.603512,14,30.127682,True,success,2
-3.542801,36,30.140524,False,stalled,2
13.074485,16,30.147177,True,success,2
12.548151,27,30.157257,True,success,2
13.029615,50,30.176322,True,success,2
11.771032,7,30.179583,True,success,2
11.729837,15,30.18537,True,success,2
13.830559,11,30.190263,True,success,2
13.444879,9,30.194765,True,success,2
12.063331,5,30.197346,True,success,2
-2.665065,76,30.28059,False,stalled,2
11.987908,41,30.296133,True,success,2
13.249753,10,30.300914,True,success,2
12.856991,9,30.304937,True,success,2
12.714487,59,30.32648,True,success,2
12.724272,25,30.335933,True,success,2
13.833017,17,30.342663,True,success,2
11.970931,6,30.345947,True,success,2
13.664923,11,30.350609,True,success,2
13.635849,24,30.35995,True,success,2
14.061793,15,30.365967,True,success,2
-4.03393,35,30.437749,False,stalled,2
11.959608,4,30.440127,True,success,2
12.321079,7,30.44349,True,success,2
-3.222388,42,30.458393,False,stalled,2
12.195581,22,30.466961,True,success,2
11.320698,6,30.470066,True,success,2
10.907451,22,30.479089,True,success,2
13.950228,11,30.484251,True,success,2
13.004617,31,30.495352,True,success,2
12.975878,9,30.500355,True,success,2
13.526297,26,30.5103,True,success,2
12.78,11,30.515797,True,success,2
13.091099,7,30.51912,True,success,2
11.659595,7,30.522453,True,success,2
-3.714257,42,30.60153,False,stalled,2
13.932526,9,30.605901,True,success,2
12.950952,7,30.609222,True,success,2
11.814522,12,30.614178,True,success,2
-3.980075,33,30.626622,False,stalled,2
13.31704,13,30.632116,True,success,2
-3.893865,34,30.64445,False,stalled,2
13.563102,11,30.649233,True,success,2
12.848428,20,30.656807,True,success,2
13.833568,17,30.663567,True,success,2
13.645748,10,30.668382,True,success,2
12.998583,29,30.679422,True,success,2
12.21974,6,30.682419,True,success,2
13.699826,17,30.688939,True,success,2
13.002678,13,30.69495,True,success,2
13.324692,12,30.700188,True,success,2
13.013558,8,30.703913,True,success,2
12.926971,18,30.766258,True,success,2
12.612876,7,30.769851,True,success,2
12.940967,8,30.773687,True,success,2
-2.802839,38,30.787896,False,stalled,2
12.722096,12,30.793034,True,success,2
11.857156,5,30.795597,True,success,2
-4.363055,46,30.813311,False,stalled,2
13.898754,11,30.818667,True,success,2
13.403145,12,30.823924,True,success,2
13.588265,33,30.83597,True,success,2
13.749103,13,30.841136,True,success,2
12.492123,44,30.856925,True,success,2
12.628421,10,30.861492,True,success,2
11.327763,27,30.928312,True,success,2
-3.280096,48,30.945113,False,stalled,2
-4.271833,33,30.957355,False,stalled,2
11.737871,49,30.974573,True,success,2
11.623341,19,30.981674,True,success,2
11.98386,7,30.98504,True,success,2
12.778849,35,30.997331,True,success,2
12.786418,14,31.00496,True,success,2
-3.155565,50,31.084722,False,stalled,2
13.301035,26,31.095635,True,success,2
13.970988,21,31.10438,True,success,2
11.743438,5,31.107153,True,success,2
13.063099,29,31.118054,True,success,2
14.134869,8,31.122065,True,success,2
-3.503638,48,31.139756,False,stalled,2
12.361079,5,31.142451,True,success,2
14.020505,9,31.14679,True,success,2
11.617056,4,31.149026,True,success,2
13.630991,14,31.155838,True,success,2
13.75377,20,31.163453,True,success,2
13.183182,23,31.171978,True,success,2
12.9,5,31.174529,True,success,2
13.059044,13,31.179689,True,success,2
-4.188463,35,31.24924,False,stalled,2
13.639106,13,31.254857,True,success,2
11.388528,3,31.257114,True,success,2
11.826191,38,31.271196,True,success,2
-2.572839,43,31.286765,False,stalled,2
11.290117,15,31.293321,True,success,2
-2.954218,41,31.308187,False,stalled,2
-3.080652,57,31.328524,False,stalled,2
11.748119,62,31.410412,True,success,2
11.877266,34,31.422941,True,success,2
13.407425,23,31.431529,True,success,2
13.781548,12,31.436418,True,success,2
12.708478,11,31.44094,True,success,2
-3.099408,57,31.461627,False,stalled,2
13.288227,15,31.468082,True,success,2
-2.997778,68,31.549298,False,stalled,2
14.110654,14,31.55561,True,success,2
14.184417,13,31.560945,True,success,2
11.660976,7,31.564283,True,success,2
12.863295,46,31.58112,True,success,2
12.361079,5,31.583877,True,success,2
12.705142,12,31.588806,True,success,2
12.629938,8,31.592366,True,success,2
12.282369,30,31.603265,True,success,2
13.515207,14,31.608799,True,success,2
13.051099,9,31.612808,True,success,2
14.014869,14,31.618515,True,success,2
13.143295,22,31.626502,True,success,2
11.965325,12,31.631441,True,success,2
-4.430099,76,31.715007,False,stalled,2
11.328528,6,31.718037,True,success,2
-2.916819,37,31.732706,False,stalled,2
14.212674,12,31.73845,True,success,2
11.959608,4,31.7407,True,success,2
13.769914,16,31.746848,True,success,2
13.673089,10,31.75144,True,success,2
12.765567,32,31.764156,True,success,2
12.76177,23,31.773041,True,success,2
11.247818,11,31.777754,True,success,2
11.131546,33,31.791102,True,success,2
13.782096,12,31.796692,True,success,2
13.430808,9,31.800644,True,success,2
12.083533,6,31.803569,True,success,2
12.438518,40,31.881,True,success,2
12.490349,20,31.889184,True,success,2
12.967939,28,31.899797,True,success,2
13.371179,14,31.906268,True,success,2
12.357963,29,31.916687,True,success,2
-1.309228,43,31.932424,False,stalled,2
-5.1,30,31.943046,False,stalled,2
13.637543,19,31.950499,True,success,2
-2.745991,37,31.963805,False,stalled,2
12.670869,13,32.024887,True,success,2
-3.04574,37,32.038198,False,stalled,2
-3.328262,49,32.055654,False,stalled,2
11.861436,13,32.061081,True,success,2
-2.587638,39,32.075262,False,stalled,2
12.358189,10,32.079584,True,success,2
12.510919,33,32.09241,True,success,2
-3.789689,35,32.104688,False,stalled,2
12.755567,5,32.107362,True,success,2
11.866919,16,32.113566,True,success,2
13.734816,12,32.174655,True,success,2
12.414795,37,32.187812,True,success,2
12.657253,12,32.193517,True,success,2
-3.863659,33,32.205645,False,stalled,2
12.818751,10,32.210135,True,success,2
13.733369,9,32.214062,True,success,2
12.265608,5,32.216594,True,success,2
11.266238,27,32.226564,True,success,2
13.424879,10,32.230769,True,success,2
-4.317443,36,32.243154,False,stalled,2
13.537043,13,32.248402,True,success,2
13.300016,30,32.259784,True,success,2
12.768487,20,32.268164,True,success,2
-3.708267,32,32.336245,False,stalled,2
-3.136882,33,32.348709,False,stalled,2
13.381196,12,32.353755,True,success,2
14.126842,9,32.358156,True,success,2
11.74,3,32.360061,True,success,2
13.423592,14,32.365562,True,success,2
13.567879,15,32.371857,True,success,2
-2.070122,42,32.38712,False,stalled,2
-2.41996,90,32.422103,False,stalled,2
13.999279,16,32.428468,True,success,2
-4.217862,79,32.512448,False,stalled,2
12.597808,35,32.524978,True,success,2
12.91312,8,32.528652,True,success,2
13.883854,18,32.53556,True,success,2
13.509658,7,32.538771,True,success,2
13.910624,8,32.542889,True,success,2
12.675567,9,32.546865,True,success,2
12.516198,17,32.553434,True,success,2
13.252175,35,32.56601,True,success,2
12.642096,16,32.572787,True,success,2
-2.399687,73,32.655674,False,stalled,2
-2.156512,64,32.678996,False,stalled,2
12.082258,17,32.68579,True,success,2
12.940894,15,32.692169,True,success,2
13.106637,45,32.70929,True,success,2
12.941099,12,32.714319,True,success,2
13.419224,8,32.717864,True,success,2
11.407818,3,32.719717,True,success,2
13.473467,12,32.725631,True,success,2
-1.891323,100,32.817298,False,max_steps,2
12.839673,12,32.822357,True,success,2
14.06,7,32.825551,True,success,2
13.501992,23,32.834695,True,success,2
12.145852,14,32.840243,True,success,2
11.652117,13,32.846285,True,success,2
11.928383,16,32.853027,True,success,2
13.08665,40,32.86708,True,success,2
13.737986,12,32.871945,True,success,2
13.426428,19,32.879772,True,success,2
12.907866,12,32.884696,True,success,2
-1.452604,36,32.953994,False,stalled,2
12.07394,11,32.958822,True,success,2
-1.425587,44,32.974674,False,stalled,2
12.601209,12,32.979829,True,success,2
-3.961311,41,32.994546,False,stalled,2
13.215091,14,33.000813,True,success,2
-3.965415,52,33.018984,False,stalled,2
14.517056,9,33.023015,True,success,2
-2.572725,41,33.037838,False,stalled,2
12.93804,26,33.11273,True,success,2
13.28538,20,33.120218,True,success,2
11.633368,10,33.125862,True,success,2
12.755567,5,33.128503,True,success,2
13.869274,10,33.133315,True,success,2
-2.96383,45,33.151092,False,stalled,2
12.731218,31,33.163108,True,success,2
12.02386,5,33.166087,True,success,2
-2.058068,40,33.180381,False,stalled,2
12.474681,17,33.187542,True,success,2
-3.611275,48,33.205281,False,stalled,2
-1.683574,53,33.282387,False,stalled,2
12.619605,31,33.293846,True,success,2
-4.057503,78,33.321563,False,stalled,2
13.55045,7,33.325047,True,success,2
13.102253,34,33.337724,True,success,2
11.798936,5,33.340307,True,success,2
13.908087,15,33.346154,True,success,2
12.266023,26,33.356734,True,success,2
11.407818,3,33.358632,True,success,2
14.255211,13,33.363799,True,success,2
-4.248771,44,33.433788,False,stalled,2
-2.053568,38,33.447602,False,stalled,2
14.030787,11,33.452284,True,success,2
12.302873,6,33.455345,True,success,2
11.430383,7,33.458968,True,success,2
14.212971,12,33.463798,True,success,2
11.434113,8,33.46729,True,success,2
12.381958,25,33.476609,True,success,2
13.761588,22,33.484881,True,success,2
-3.192748,45,33.500795,False,stalled,2
13.804597,7,33.504583,True,success,2
12.168383,4,33.506854,True,success,2
13.447496,9,33.510715,True,success,2
11.927915,5,33.513252,True,success,2
12.107287,7,33.516565,True,success,2
12.21974,6,33.51944,True,success,2
12.922325,16,33.582132,True,success,2
13.551558,18,33.589001,True,success,2
12.514465,28,33.600538,True,success,2
13.477824,25,33.610394,True,success,2
12.870496,14,33.616124,True,success,2
13.348875,25,33.626236,True,success,2
12.70646,42,33.643137,True,success,2
-2.079075,43,33.659781,False,stalled,2
11.668826,32,33.672083,True,success,2
11.743438,5,33.674678,True,success,2
-1.860371,44,33.745201,False,stalled,2
14.399852,9,33.749773,True,success,2
11.360698,4,33.751974,True,success,2
13.085653,26,33.76131,True,success,2
12.183562,4,33.763531,True,success,2
13.419706,13,33.768816,True,success,2
14.06889,10,33.773022,True,success,2
-2.852174,45,33.78929,False,stalled,2
13.900404,15,33.795971,True,success,2
-2.442468,71,33.822159,False,stalled,2
11.959608,4,33.824895,True,success,2
-4.762959,40,33.89525,False,stalled,2
12.021617,34,33.908102,True,success,2
13.311975,28,33.91839,True,success,2
12.078013,6,33.921345,True,success,2
13.71027,13,33.926559,True,success,2
12.787736,6,33.929455,True,success,2
-3.963199,44,33.944932,False,stalled,2
11.987263,10,33.94937,True,success,2
13.583299,10,33.953585,True,success,2
-4.805844,83,33.981749,False,stalled,2
13.905966,7,33.985122,True,success,2
13.328948,31,34.052001,True,success,2
12.556368,41,34.06638,True,success,2
-3.217997,41,34.081174,False,stalled,2
13.626842,34,34.094016,True,success,2
11.449623,9,34.098079,True,success,2
11.742351,6,34.101001,True,success,2
13.625261,16,34.10727,True,success,2
12.30328,10,34.111475,True,success,2
-3.494738,38,34.125585,False,stalled,2
-2.116926,36,34.195729,False,stalled,2
11.665277,13,34.201164,True,success,2
-1.315889,46,34.217849,False,stalled,2
13.702265,22,34.226593,True,success,2
14.176953,12,34.231494,True,success,2
13.645537,12,34.236715,True,success,2
14.010459,17,34.243416,True,success,2
13.468579,14,34.248888,True,success,2
13.456255,21,34.2572,True,success,2
-2.827262,51,34.275086,False,stalled,2
12.257828,8,34.278744,True,success,2
12.269437,54,34.363606,True,success,2
-3.115437,46,34.38094,False,stalled,2
13.803828,7,34.384343,True,success,2
14.126842,9,34.388319,True,success,2
13.847677,32,34.399761,True,success,2
-2.142884,34,34.413889,False,stalled,2
12.945755,8,34.418167,True,success,2
-3.670078,52,34.437257,False,stalled,2
13.072485,18,34.444352,True,success,2
12.855525,9,34.448233,True,success,2
11.782786,6,34.452392,True,success,2
-4.913353,31,34.520204,False,stalled,2
-2.967165,36,34.533393,False,stalled,2
10.823248,62,34.556052,True,success,2
13.489,8,34.559644,True,success,2
13.882794,9,34.563526,True,success,2
13.696666,20,34.571266,True,success,2
13.230287,30,34.582182,True,success,2
-4.541328,37,34.595387,False,stalled,2
11.98386,7,34.59874,True,success,2
12.89846,7,34.602854,True,success,2
12.976549,26,34.670088,True,success,2
12.473033,7,34.673408,True,success,2
12.506418,28,34.684127,True,success,2
12.92082,10,34.688343,True,success,2
12.949001,32,34.700177,True,success,2
13.476259,18,34.707629,True,success,2
12.728427,5,34.710205,True,success,2
13.814287,9,34.714022,True,success,2
11.98386,7,34.717209,True,success,2
11.522403,16,34.724294,True,success,2
12.920258,7,34.727745,True,success,2
13.579344,20,34.736253,True,success,2
-3.512226,36,34.749269,False,stalled,2
13.744078,10,34.754325,True,success,2
-2.11349,39,34.769763,False,stalled,2
11.985098,15,34.83408,True,success,2
13.685537,10,34.838351,True,success,2
-2.871114,45,34.856292,False,stalled,2
11.430383,7,34.860457,True,success,2
13.758198,12,34.86563,True,success,2
13.204046,38,34.879625,True,success,2
13.469658,9,34.883521,True,success,2
12.209775,7,34.886744,True,success,2
13.824778,25,34.89619,True,success,2
11.89916,4,34.898381,True,success,2
11.388528,3,34.900261,True,success,2
11.857931,16,34.906981,True,success,2
14.482308,10,34.911209,True,success,2
13.868448,24,34.920084,True,success,2
-2.534557,52,34.994493,False,stalled,2
-2.301479,69,35.018816,False,stalled,2
11.599698,31,35.030124,True,success,2
12.423033,7,35.033348,True,success,2
12.641755,59,35.054507,True,success,2
11.922856,11,35.059248,True,success,2
-1.239136,42,35.074864,False,stalled,2
12.373863,5,35.077581,True,success,2
12.398189,8,35.081154,True,success,2
12.78,11,35.085672,True,success,2
13.241397,31,35.152864,True,success,2
11.487164,25,35.162043,True,success,2
13.447496,9,35.166391,True,success,2
12.361079,5,35.169257,True,success,2
-1.668388,41,35.184422,False,stalled,2
12.339248,13,35.189973,True,success,2
12.8592,7,35.193264,True,success,2
12.625142,16,35.200395,True,success,2
11.549623,4,35.202597,True,success,2
-2.597131,39,35.216582,False,stalled,2
12.473033,7,35.219915,True,success,2
12.940676,20,35.228668,True,success,2
12.718467,16,35.234848,True,success,2
-3.08548,38,35.304653,False,stalled,2
11.66,7,35.308182,True,success,2
13.894442,10,35.312586,True,success,2
-2.919001,36,35.325609,False,stalled,2
12.333863,7,35.329033,True,success,2
-2.196105,37,35.342517,False,stalled,2
-5.182713,30,35.353966,False,stalled,2
12.697423,11,35.358649,True,success,2
11.696937,6,35.361951,True,success,2
13.524981,7,35.366117,True,success,2
13.892256,9,35.369987,True,success,2
14.185878,14,35.37547,True,success,2
13.075124,10,35.380265,True,success,2
12.179533,17,35.386791,True,success,2
13.01929,12,35.391601,True,success,2
11.796844,40,35.463993,True,success,2
-2.0631,93,35.497334,False,stalled,2
11.85916,6,35.500429,True,success,2
12.231399,23,35.508755,True,success,2
12.063331,5,35.511302,True,success,2
12.965299,10,35.516084,True,success,2
13.849914,12,35.520988,True,success,2
12.023331,7,35.524195,True,success,2
13.358318,23,35.532943,True,success,2
12.840264,9,35.536842,True,success,2
13.582829,14,35.542336,True,success,2
12.624241,24,35.55241,True,success,2
12.849022,13,35.557728,True,success,2
13.661169,24,35.630679,True,success,2
12.918783,11,35.635909,True,success,2
-2.710124,72,35.660729,False,stalled,2
13.579252,18,35.668008,True,success,2
-2.394604,52,35.685771,False,stalled,2
13.083474,8,35.68947,True,success,2
10.672377,40,35.703603,True,success,2
-2.185226,42,35.778253,False,stalled,2
11.377275,11,35.782973,True,success,2
12.147906,7,35.786237,True,success,2
12.817934,8,35.790024,True,success,2
-3.758635,51,35.807413,False,stalled,2
14.185892,27,35.817338,True,success,2
13.446411,16,35.823987,True,success,2
13.404981,13,35.829359,True,success,2
11.567537,32,35.840943,True,success,2
-1.735457,37,35.854973,False,stalled,2
12.233418,7,35.85849,True,success,2
11.959608,4,35.860847,True,success,2
-3.513075,43,35.932446,False,stalled,2
12.892223,39,35.947865,True,success,2
12.707736,10,35.95211,True,success,2
14.040774,10,35.95659,True,success,2
12.947801,46,35.973007,True,success,2
11.529786,29,35.983359,True,success,2
-2.052975,71,36.008679,False,stalled,2
-2.844308,46,36.024857,False,stalled,2
-2.952753,35,36.09376,False,stalled,2
13.812016,10,36.098159,True,success,2
12.183562,4,36.100389,True,success,2
11.372198,8,36.10401,True,success,2
13.338837,9,36.107873,True,success,2
13.844922,9,36.11191,True,success,2
13.095164,20,36.11938,True,success,2
13.702445,9,36.123213,True,success,2
11.930966,6,36.126239,True,success,2
13.013558,8,36.129804,True,success,2
13.21699,32,36.141839,True,success,2
12.116686,13,36.14704,True,success,2
12.715567,7,36.150251,True,success,2
12.964909,15,36.157227,True,success,2
-3.542448,41,36.171692,False,stalled,2
12.318963,6,36.174691,True,success,2
13.744078,10,36.178858,True,success,2
-3.945801,55,36.256265,False,stalled,2
13.266736,29,36.267244,True,success,2
-2.988616,42,36.282109,False,stalled,2
-3.107985,47,36.299228,False,stalled,2
11.620248,43,36.314413,True,success,2
12.825672,12,36.319393,True,success,2
13.389658,13,36.324839,True,success,2
13.636696,24,36.333731,True,success,2
12.34328,8,36.393467,True,success,2
-4.509328,71,36.417569,False,stalled,2
13.132459,20,36.425173,True,success,2
12.563112,26,36.435137,True,success,2
-3.036285,53,36.455001,False,stalled,2
12.047852,7,36.458749,True,success,2
12.184079,15,36.464685,True,success,2
13.650774,17,36.471351,True,success,2
12.755567,5,36.473972,True,success,2
12.168383,4,36.476188,True,success,2
13.473811,15,36.482185,True,success,2
13.648851,7,36.485504,True,success,2
12.949565,8,36.489434,True,success,2
-1.808683,42,36.560111,False,stalled,2
12.919673,8,36.564095,True,success,2
12.789049,18,36.571059,True,success,2
12.252834,7,36.574269,True,success,2
12.545528,12,36.579567,True,success,2
13.259701,16,36.585904,True,success,2
12.316929,10,36.590302,True,success,2
12.47644,46,36.607289,True,success,2
13.617223,19,36.614505,True,success,2
12.895577,10,36.618824,True,success,2
11.374525,22,36.627583,True,success,2
11.628083,9,36.631633,True,success,2
10.53773,44,36.704269,True,success,2
-3.93326,50,36.721603,False,stalled,2
-1.9184,41,36.736765,False,stalled,2
13.69965,20,36.744723,True,success,2
12.105098,9,36.748768,True,success,2
13.469038,30,36.759603,True,success,2
13.932479,13,36.764865,True,success,2
11.74,3,36.766754,True,success,2
12.107798,5,36.769277,True,success,2
11.959608,4,36.771493,True,success,2
11.429504,21,36.779786,True,success,2
11.473677,43,36.795602,True,success,2
13.352839,21,36.867132,True,success,2
13.413102,16,36.873682,True,success,2
12.413033,10,36.877914,True,success,2
12.719232,24,36.887239,True,success,2
12.063331,5,36.889888,True,success,2
11.278323,8,36.893432,True,success,2
12.176686,10,36.898308,True,success,2
12.143746,13,36.903491,True,success,2
13.452771,7,36.906687,True,success,2
12.687842,33,36.918499,True,success,2
13.164017,8,36.922096,True,success,2
12.575519,18,36.929047,True,success,2
12.691696,9,36.932952,True,success,2
11.733898,14,36.938434,True,success,2
12.890738,38,36.952595,True,success,2
-2.806156,50,37.02729,False,out_of_bounds,2
12.668568,28,37.037614,True,success,2
13.929914,8,37.041214,True,success,2
12.878162,9,37.04508,True,success,2
-3.198785,74,37.071677,False,stalled,2
12.314681,25,37.081475,True,success,2
13.618198,24,37.09045,True,success,2
-2.687434,49,37.107826,False,stalled,2
13.804922,11,37.113358,True,success,2
13.072911,13,37.119006,True,success,2
12.666023,6,37.177872,True,success,2
14.06,7,37.181335,True,success,2
13.929914,8,37.184896,True,success,2
13.999033,22,37.193461,True,success,2
12.559805,62,37.215602,True,success,2
13.524981,7,37.219715,True,success,2
-2.489515,45,37.235895,False,out_of_bounds,2
12.203266,6,37.239048,True,success,2
13.898246,10,37.243317,True,success,2
13.568543,10,37.247507,True,success,2
12.752081,9,37.251551,True,success,2
13.804597,7,37.254797,True,success,2
13.764597,9,37.258663,True,success,2
12.369269,29,37.269787,True,success,2
-5.154801,30,37.337532,False,stalled,2
12.492303,33,37.34996,True,success,2
13.69142,21,37.358033,True,success,2
12.990427,27,37.367676,True,success,2
13.605777,15,37.373775,True,success,2
11.941436,9,37.377727,True,success,2
13.953568,11,37.382252,True,success,2
12.270485,9,37.386556,True,success,2
13.761874,13,37.391993,True,success,2
12.423371,23,37.400978,True,success,2
11.926545,21,37.409519,True,success,2
12.147287,5,37.412234,True,success,2
12.860967,12,37.417956,True,success,2
14.111115,13,37.423256,True,success,2
12.622583,13,37.428399,True,success,2
14.134869,8,37.432022,True,success,2
11.795843,4,37.43423,True,success,2
-3.072778,47,37.506692,False,stalled,2
13.679053,25,37.516503,True,success,2
14.143725,10,37.520739,True,success,2
13.595269,8,37.524831,True,success,2
12.0701,8,37.528496,True,success,2
13.920635,10,37.532667,True,success,2
13.315868,42,37.54769,True,success,2
-5.154801,30,37.559248,False,stalled,2
-2.727693,47,37.575734,False,stalled,2
13.796802,16,37.582029,True,success,2
13.624509,10,37.586432,True,success,2
12.67925,9,37.590318,True,success,2
13.899461,9,37.650054,True,success,2
12.482118,13,37.6553,True,success,2
-2.155555,55,37.674609,False,stalled,2
12.958018,15,37.681249,True,success,2
13.79807,15,37.687115,True,success,2
12.86,7,37.690323,True,success,2
-3.360077,33,37.702016,False,stalled,2
12.047537,8,37.705743,True,success,2
11.927436,6,37.709005,True,success,2
12.718751,15,37.71486,True,success,2
13.105457,18,37.722109,True,success,2
11.755843,6,37.725,True,success,2
-2.291128,42,37.740305,False,stalled,2
12.147427,8,37.743994,True,success,2
12.628145,22,37.809308,True,success,2
-2.512413,35,37.822553,False,stalled,2
13.253309,20,37.830427,True,success,2
12.914432,11,37.834949,True,success,2
11.826734,20,37.842714,True,success,2
11.743438,5,37.845366,True,success,2
13.754442,12,37.850329,True,success,2
12.148582,6,37.853262,True,success,2
13.421196,10,37.8575,True,success,2
11.740728,10,37.862363,True,success,2
12.515578,32,37.874264,True,success,2
-5.1,30,37.884816,False,stalled,2
-2.610017,53,37.903339,False,stalled,2
13.831975,17,37.967216,True,success,2
13.135297,26,37.97677,True,success,2
13.070687,50,37.994817,True,success,2
-2.765563,41,38.009471,False,stalled,2
13.378837,7,38.012938,True,success,2
13.130164,31,38.024047,True,success,2
13.468937,15,38.030951,True,success,2
13.938198,8,38.034684,True,success,2
12.570564,22,38.044143,True,success,2
-4.599793,32,38.055737,False,stalled,2
12.02299,8,38.060013,True,success,2
11.247818,11,38.126503,True,success,2
13.244932,8,38.130138,True,success,2
12.085843,5,38.133092,True,success,2
13.040147,17,38.139683,True,success,2
12.387103,25,38.148954,True,success,2
12.973558,10,38.153397,True,success,2
-2.487713,38,38.166993,False,stalled,2
13.814281,9,38.171025,True,success,2
11.887436,8,38.174589,True,success,2
12.89846,7,38.177911,True,success,2
11.89916,4,38.180133,True,success,2
11.388528,3,38.182025,True,success,2
12.900546,7,38.185241,True,success,2
12.93884,33,38.197211,True,success,2
13.128528,6,38.200094,True,success,2
12.6211,14,38.205593,True,success,2
-6.44,52,38.280323,False,stalled,2
-3.796227,32,38.291902,False,stalled,2
13.496435,18,38.298911,True,success,2
12.865577,9,38.303209,True,success,2
11.698453,7,38.306612,True,success,2
-5.386103,61,38.327684,False,stalled,2
12.302873,6,38.331208,True,success,2
12.493033,6,38.334133,True,success,2
11.764234,13,38.339344,True,success,2
12.058676,15,38.345841,True,success,2
-3.974187,32,38.357498,False,stalled,2
13.305065,16,38.364034,True,success,2
11.407818,3,38.365972,True,success,2
12.747625,13,38.371134,True,success,2
11.74,3,38.373016,True,success,2
11.178027,31,38.442065,True,success,2
14.313066,9,38.446286,True,success,2
12.236303,7,38.44956,True,success,2
11.233395,26,38.459402,True,success,2
14.088195,10,38.46368,True,success,2
12.937833,30,38.475026,True,success,2
-4.461937,37,38.488345,False,stalled,2
13.570804,14,38.493952,True,success,2
12.635517,11,38.498887,True,success,2
13.289748,10,38.503179,True,success,2
11.818246,8,38.506691,True,success,2
12.588551,10,38.510899,True,success,2
12.425513,15,38.517409,True,success,2
10.134887,34,38.529678,True,success,2
12.168383,4,38.531969,True,success,2
11.981436,7,38.535257,True,success,2
-3.539396,33,38.604984,False,stalled,2
11.292933,23,38.613599,True,success,2
-5.748403,75,38.63915,False,stalled,2
12.458917,9,38.643183,True,success,2
11.755544,11,38.647706,True,success,2
11.729845,21,38.657005,True,success,2
11.96,22,38.665591,True,success,2
12.419392,33,38.677466,True,success,2
-2.621971,35,38.689803,False,stalled,2
12.855857,6,38.692767,True,success,2
11.407818,3,38.750929,True,success,2
11.409838,18,38.758654,True,success,2
12.682523,9,38.762579,True,success,2
13.204017,6,38.765484,True,success,2
14.100774,12,38.770476,True,success,2
11.356921,8,38.774297,True,success,2
11.321568,32,38.785718,True,success,2
12.774207,43,38.801678,True,success,2
12.630392,11,38.806609,True,success,2
13.568404,12,38.811651,True,success,2
-2.821916,71,38.837891,False,stalled,2
-3.248398,35,38.907606,False,stalled,2
11.719681,5,38.910903,True,success,2
-2.309395,53,38.930433,False,stalled,2
11.445102,11,38.935142,True,success,2
14.025584,16,38.941773,True,success,2
-3.096028,35,38.954533,False,stalled,2
12.831659,18,38.961769,True,success,2
14.210295,9,38.965672,True,success,2
13.044462,8,38.969203,True,success,2
13.993568,9,38.973156,True,success,2
-2.794424,36,38.985966,False,stalled,2
12.785142,8,38.989857,True,success,2
13.564829,10,38.994166,True,success,2
11.954234,6,38.997086,True,success,2
11.755843,6,39.000194,True,success,2
-4.67942,94,39.088742,False,stalled,2
11.549623,4,39.091589,True,success,2
-3.113216,42,39.10655,False,stalled,2
-3.798873,57,39.127511,False,stalled,2
11.914089,11,39.132171,True,success,2
12.855255,22,39.140871,True,success,2
12.556454,44,39.156455,True,success,2
